row	kind	dst	aux	hint	depth_after
0	jmp	4194320	0	0	0
1	cal	4194320	4194336	0	1
2	cal	4194320	4194336	0	2
3	cal	4194320	4194336	0	3
4	cal	4194320	4194336	0	4
5	cal	4194320	4194336	0	5
6	cal	4194320	4194336	0	6
7	cal	4194320	4194336	0	7
8	cal	4194320	4194336	0	8
9	ret	4194336	0	8	7
10	jmp	4194320	0	0	7
11	ret	4194336	0	7	6
12	jmp	4194320	0	0	6
13	ret	4194336	0	6	5
14	jmp	4194320	0	0	5
15	ret	4194336	0	5	4
16	jmp	4194320	0	0	4
17	ret	4194336	0	4	3
18	jmp	4194320	0	0	3
19	ret	4194336	0	3	2
20	jmp	4194320	0	0	2
21	ret	4194336	0	2	1
22	jmp	4194320	0	0	1
23	ret	4194336	0	1	0
24	jmp	4194320	0	0	0
25	cal	4194320	4194336	0	1
26	cal	4194320	4194336	0	2
27	cal	4194320	4194336	0	3
28	cal	4194320	4194336	0	4
29	cal	4194320	4194336	0	5
30	cal	4194320	4194336	0	6
31	cal	4194320	4194336	0	7
32	cal	4194320	4194336	0	8
33	ret	4194336	0	32	7
34	jmp	4194320	0	0	7
35	ret	4194336	0	31	6
36	jmp	4194320	0	0	6
37	ret	4194336	0	30	5
38	jmp	4194320	0	0	5
39	ret	4194336	0	29	4
40	jmp	4194320	0	0	4
41	ret	4194336	0	28	3
42	jmp	4194320	0	0	3
43	ret	4194336	0	27	2
44	jmp	4194320	0	0	2
45	ret	4194336	0	26	1
46	jmp	4194320	0	0	1
47	ret	4194336	0	25	0
48	jmp	4194320	0	0	0
49	cal	4194320	4194336	0	1
50	cal	4194320	4194336	0	2
51	cal	4194320	4194336	0	3
52	cal	4194320	4194336	0	4
53	cal	4194320	4194336	0	5
54	cal	4194320	4194336	0	6
55	cal	4194320	4194336	0	7
56	cal	4194320	4194336	0	8
57	ret	4194336	0	56	7
58	jmp	4194320	0	0	7
59	ret	4194336	0	55	6
60	jmp	4194320	0	0	6
61	ret	4194336	0	54	5
62	jmp	4194320	0	0	5
63	ret	4194336	0	53	4
64	jmp	4194320	0	0	4
65	ret	4194336	0	52	3
66	jmp	4194320	0	0	3
67	ret	4194336	0	51	2
68	jmp	4194320	0	0	2
69	ret	4194336	0	50	1
70	jmp	4194320	0	0	1
71	ret	4194336	0	49	0
72	jmp	4194320	0	0	0
73	cal	4194320	4194336	0	1
74	cal	4194320	4194336	0	2
75	cal	4194320	4194336	0	3
76	cal	4194320	4194336	0	4
77	cal	4194320	4194336	0	5
78	cal	4194320	4194336	0	6
79	cal	4194320	4194336	0	7
80	cal	4194320	4194336	0	8
81	ret	4194336	0	80	7
82	jmp	4194320	0	0	7
83	ret	4194336	0	79	6
84	jmp	4194320	0	0	6
85	ret	4194336	0	78	5
86	jmp	4194320	0	0	5
87	ret	4194336	0	77	4
88	jmp	4194320	0	0	4
89	ret	4194336	0	76	3
90	jmp	4194320	0	0	3
91	ret	4194336	0	75	2
92	jmp	4194320	0	0	2
93	ret	4194336	0	74	1
94	jmp	4194320	0	0	1
95	ret	4194336	0	73	0
96	jmp	4194320	0	0	0
97	cal	4194320	4194336	0	1
98	cal	4194320	4194336	0	2
99	cal	4194320	4194336	0	3
100	cal	4194320	4194336	0	4
101	cal	4194320	4194336	0	5
102	cal	4194320	4194336	0	6
103	cal	4194320	4194336	0	7
104	cal	4194320	4194336	0	8
105	ret	4194336	0	104	7
106	jmp	4194320	0	0	7
107	ret	4194336	0	103	6
108	jmp	4194320	0	0	6
109	ret	4194336	0	102	5
110	jmp	4194320	0	0	5
111	ret	4194336	0	101	4
112	jmp	4194320	0	0	4
113	ret	4194336	0	100	3
114	jmp	4194320	0	0	3
115	ret	4194336	0	99	2
116	jmp	4194320	0	0	2
117	ret	4194336	0	98	1
118	jmp	4194320	0	0	1
119	ret	4194336	0	97	0
120	jmp	4194320	0	0	0
121	cal	4194320	4194336	0	1
122	cal	4194320	4194336	0	2
123	cal	4194320	4194336	0	3
124	cal	4194320	4194336	0	4
125	cal	4194320	4194336	0	5
126	cal	4194320	4194336	0	6
127	cal	4194320	4194336	0	7
128	cal	4194320	4194336	0	8
129	ret	4194336	0	128	7
130	jmp	4194320	0	0	7
131	ret	4194336	0	127	6
132	jmp	4194320	0	0	6
133	ret	4194336	0	126	5
134	jmp	4194320	0	0	5
135	ret	4194336	0	125	4
136	jmp	4194320	0	0	4
137	ret	4194336	0	124	3
138	jmp	4194320	0	0	3
139	ret	4194336	0	123	2
140	jmp	4194320	0	0	2
141	ret	4194336	0	122	1
142	jmp	4194320	0	0	1
143	ret	4194336	0	121	0
144	jmp	4194320	0	0	0
145	cal	4194320	4194336	0	1
146	cal	4194320	4194336	0	2
147	cal	4194320	4194336	0	3
148	cal	4194320	4194336	0	4
149	cal	4194320	4194336	0	5
150	cal	4194320	4194336	0	6
151	cal	4194320	4194336	0	7
152	cal	4194320	4194336	0	8
153	ret	4194336	0	152	7
154	jmp	4194320	0	0	7
155	ret	4194336	0	151	6
156	jmp	4194320	0	0	6
157	ret	4194336	0	150	5
158	jmp	4194320	0	0	5
159	ret	4194336	0	149	4
160	jmp	4194320	0	0	4
161	ret	4194336	0	148	3
162	jmp	4194320	0	0	3
163	ret	4194336	0	147	2
164	jmp	4194320	0	0	2
165	ret	4194336	0	146	1
166	jmp	4194320	0	0	1
167	ret	4194336	0	145	0
168	jmp	4194320	0	0	0
169	cal	4194320	4194336	0	1
170	cal	4194320	4194336	0	2
171	cal	4194320	4194336	0	3
172	cal	4194320	4194336	0	4
173	cal	4194320	4194336	0	5
174	cal	4194320	4194336	0	6
175	cal	4194320	4194336	0	7
176	cal	4194320	4194336	0	8
177	ret	4194336	0	176	7
178	jmp	4194320	0	0	7
179	ret	4194336	0	175	6
180	jmp	4194320	0	0	6
181	ret	4194336	0	174	5
182	jmp	4194320	0	0	5
183	ret	4194336	0	173	4
184	jmp	4194320	0	0	4
185	ret	4194336	0	172	3
186	jmp	4194320	0	0	3
187	ret	4194336	0	171	2
188	jmp	4194320	0	0	2
189	ret	4194336	0	170	1
190	jmp	4194320	0	0	1
191	ret	4194336	0	169	0
192	jmp	4194320	0	0	0
193	cal	4194320	4194336	0	1
194	cal	4194320	4194336	0	2
195	cal	4194320	4194336	0	3
196	cal	4194320	4194336	0	4
197	cal	4194320	4194336	0	5
198	cal	4194320	4194336	0	6
199	cal	4194320	4194336	0	7
200	cal	4194320	4194336	0	8
201	ret	4194336	0	200	7
202	jmp	4194320	0	0	7
203	ret	4194336	0	199	6
204	jmp	4194320	0	0	6
205	ret	4194336	0	198	5
206	jmp	4194320	0	0	5
207	ret	4194336	0	197	4
208	jmp	4194320	0	0	4
209	ret	4194336	0	196	3
210	jmp	4194320	0	0	3
211	ret	4194336	0	195	2
212	jmp	4194320	0	0	2
213	ret	4194336	0	194	1
214	jmp	4194320	0	0	1
215	ret	4194336	0	193	0
216	jmp	4194320	0	0	0
217	cal	4194320	4194336	0	1
218	cal	4194320	4194336	0	2
219	cal	4194320	4194336	0	3
220	cal	4194320	4194336	0	4
221	cal	4194320	4194336	0	5
222	cal	4194320	4194336	0	6
223	cal	4194320	4194336	0	7
224	cal	4194320	4194336	0	8
225	ret	4194336	0	224	7
226	jmp	4194320	0	0	7
227	ret	4194336	0	223	6
228	jmp	4194320	0	0	6
229	ret	4194336	0	222	5
230	jmp	4194320	0	0	5
231	ret	4194336	0	221	4
232	jmp	4194320	0	0	4
233	ret	4194336	0	220	3
234	jmp	4194320	0	0	3
235	ret	4194336	0	219	2
236	jmp	4194320	0	0	2
237	ret	4194336	0	218	1
238	jmp	4194320	0	0	1
239	ret	4194336	0	217	0
240	jmp	4194320	0	0	0
241	cal	4194320	4194336	0	1
242	cal	4194320	4194336	0	2
243	cal	4194320	4194336	0	3
244	cal	4194320	4194336	0	4
245	cal	4194320	4194336	0	5
246	cal	4194320	4194336	0	6
247	cal	4194320	4194336	0	7
248	cal	4194320	4194336	0	8
249	ret	4194336	0	248	7
250	jmp	4194320	0	0	7
251	ret	4194336	0	247	6
252	jmp	4194320	0	0	6
253	ret	4194336	0	246	5
254	jmp	4194320	0	0	5
255	ret	4194336	0	245	4
256	jmp	4194320	0	0	4
257	ret	4194336	0	244	3
258	jmp	4194320	0	0	3
259	ret	4194336	0	243	2
260	jmp	4194320	0	0	2
261	ret	4194336	0	242	1
262	jmp	4194320	0	0	1
263	ret	4194336	0	241	0
264	jmp	4194320	0	0	0
265	cal	4194320	4194336	0	1
266	cal	4194320	4194336	0	2
267	cal	4194320	4194336	0	3
268	cal	4194320	4194336	0	4
269	cal	4194320	4194336	0	5
270	cal	4194320	4194336	0	6
271	cal	4194320	4194336	0	7
272	cal	4194320	4194336	0	8
273	ret	4194336	0	272	7
274	jmp	4194320	0	0	7
275	ret	4194336	0	271	6
276	jmp	4194320	0	0	6
277	ret	4194336	0	270	5
278	jmp	4194320	0	0	5
279	ret	4194336	0	269	4
280	jmp	4194320	0	0	4
281	ret	4194336	0	268	3
282	jmp	4194320	0	0	3
283	ret	4194336	0	267	2
284	jmp	4194320	0	0	2
285	ret	4194336	0	266	1
286	jmp	4194320	0	0	1
287	ret	4194336	0	265	0
288	jmp	4194320	0	0	0
289	cal	4194320	4194336	0	1
290	cal	4194320	4194336	0	2
291	cal	4194320	4194336	0	3
292	cal	4194320	4194336	0	4
293	cal	4194320	4194336	0	5
294	cal	4194320	4194336	0	6
295	cal	4194320	4194336	0	7
296	cal	4194320	4194336	0	8
297	ret	4194336	0	296	7
298	jmp	4194320	0	0	7
299	ret	4194336	0	295	6
300	jmp	4194320	0	0	6
301	ret	4194336	0	294	5
302	jmp	4194320	0	0	5
303	ret	4194336	0	293	4
304	jmp	4194320	0	0	4
305	ret	4194336	0	292	3
306	jmp	4194320	0	0	3
307	ret	4194336	0	291	2
308	jmp	4194320	0	0	2
309	ret	4194336	0	290	1
310	jmp	4194320	0	0	1
311	ret	4194336	0	289	0
312	jmp	4194320	0	0	0
313	cal	4194320	4194336	0	1
314	cal	4194320	4194336	0	2
315	cal	4194320	4194336	0	3
316	cal	4194320	4194336	0	4
317	cal	4194320	4194336	0	5
318	cal	4194320	4194336	0	6
319	cal	4194320	4194336	0	7
320	cal	4194320	4194336	0	8
321	ret	4194336	0	320	7
322	jmp	4194320	0	0	7
323	ret	4194336	0	319	6
324	jmp	4194320	0	0	6
325	ret	4194336	0	318	5
326	jmp	4194320	0	0	5
327	ret	4194336	0	317	4
328	jmp	4194320	0	0	4
329	ret	4194336	0	316	3
330	jmp	4194320	0	0	3
331	ret	4194336	0	315	2
332	jmp	4194320	0	0	2
333	ret	4194336	0	314	1
334	jmp	4194320	0	0	1
335	ret	4194336	0	313	0
336	jmp	4194320	0	0	0
337	cal	4194320	4194336	0	1
338	cal	4194320	4194336	0	2
339	cal	4194320	4194336	0	3
340	cal	4194320	4194336	0	4
341	cal	4194320	4194336	0	5
342	cal	4194320	4194336	0	6
343	cal	4194320	4194336	0	7
344	cal	4194320	4194336	0	8
345	ret	4194336	0	344	7
346	jmp	4194320	0	0	7
347	ret	4194336	0	343	6
348	jmp	4194320	0	0	6
349	ret	4194336	0	342	5
350	jmp	4194320	0	0	5
351	ret	4194336	0	341	4
352	jmp	4194320	0	0	4
353	ret	4194336	0	340	3
354	jmp	4194320	0	0	3
355	ret	4194336	0	339	2
356	jmp	4194320	0	0	2
357	ret	4194336	0	338	1
358	jmp	4194320	0	0	1
359	ret	4194336	0	337	0
360	jmp	4194320	0	0	0
361	cal	4194320	4194336	0	1
362	cal	4194320	4194336	0	2
363	cal	4194320	4194336	0	3
364	cal	4194320	4194336	0	4
365	cal	4194320	4194336	0	5
366	cal	4194320	4194336	0	6
367	cal	4194320	4194336	0	7
368	cal	4194320	4194336	0	8
369	ret	4194336	0	368	7
370	jmp	4194320	0	0	7
371	ret	4194336	0	367	6
372	jmp	4194320	0	0	6
373	ret	4194336	0	366	5
374	jmp	4194320	0	0	5
375	ret	4194336	0	365	4
376	jmp	4194320	0	0	4
377	ret	4194336	0	364	3
378	jmp	4194320	0	0	3
379	ret	4194336	0	363	2
380	jmp	4194320	0	0	2
381	ret	4194336	0	362	1
382	jmp	4194320	0	0	1
383	ret	4194336	0	361	0
384	jmp	4194320	0	0	0
385	cal	4194320	4194336	0	1
386	cal	4194320	4194336	0	2
387	cal	4194320	4194336	0	3
388	cal	4194320	4194336	0	4
389	cal	4194320	4194336	0	5
390	cal	4194320	4194336	0	6
391	cal	4194320	4194336	0	7
392	cal	4194320	4194336	0	8
393	ret	4194336	0	392	7
394	jmp	4194320	0	0	7
395	ret	4194336	0	391	6
396	jmp	4194320	0	0	6
397	ret	4194336	0	390	5
398	jmp	4194320	0	0	5
399	ret	4194336	0	389	4
400	jmp	4194320	0	0	4
401	ret	4194336	0	388	3
402	jmp	4194320	0	0	3
403	ret	4194336	0	387	2
404	jmp	4194320	0	0	2
405	ret	4194336	0	386	1
406	jmp	4194320	0	0	1
407	ret	4194336	0	385	0
408	jmp	4194320	0	0	0
409	cal	4194320	4194336	0	1
410	cal	4194320	4194336	0	2
411	cal	4194320	4194336	0	3
412	cal	4194320	4194336	0	4
413	cal	4194320	4194336	0	5
414	cal	4194320	4194336	0	6
415	cal	4194320	4194336	0	7
416	cal	4194320	4194336	0	8
417	ret	4194336	0	416	7
418	jmp	4194320	0	0	7
419	ret	4194336	0	415	6
420	jmp	4194320	0	0	6
421	ret	4194336	0	414	5
422	jmp	4194320	0	0	5
423	ret	4194336	0	413	4
424	jmp	4194320	0	0	4
425	ret	4194336	0	412	3
426	jmp	4194320	0	0	3
427	ret	4194336	0	411	2
428	jmp	4194320	0	0	2
429	ret	4194336	0	410	1
430	jmp	4194320	0	0	1
431	ret	4194336	0	409	0
432	jmp	4194320	0	0	0
433	cal	4194320	4194336	0	1
434	cal	4194320	4194336	0	2
435	cal	4194320	4194336	0	3
436	cal	4194320	4194336	0	4
437	cal	4194320	4194336	0	5
438	cal	4194320	4194336	0	6
439	cal	4194320	4194336	0	7
440	cal	4194320	4194336	0	8
441	ret	4194336	0	440	7
442	jmp	4194320	0	0	7
443	ret	4194336	0	439	6
444	jmp	4194320	0	0	6
445	ret	4194336	0	438	5
446	jmp	4194320	0	0	5
447	ret	4194336	0	437	4
448	jmp	4194320	0	0	4
449	ret	4194336	0	436	3
450	jmp	4194320	0	0	3
451	ret	4194336	0	435	2
452	jmp	4194320	0	0	2
453	ret	4194336	0	434	1
454	jmp	4194320	0	0	1
455	ret	4194336	0	433	0
456	jmp	4194320	0	0	0
457	cal	4194320	4194336	0	1
458	cal	4194320	4194336	0	2
459	cal	4194320	4194336	0	3
460	cal	4194320	4194336	0	4
461	cal	4194320	4194336	0	5
462	cal	4194320	4194336	0	6
463	cal	4194320	4194336	0	7
464	cal	4194320	4194336	0	8
465	ret	4194336	0	464	7
466	jmp	4194320	0	0	7
467	ret	4194336	0	463	6
468	jmp	4194320	0	0	6
469	ret	4194336	0	462	5
470	jmp	4194320	0	0	5
471	ret	4194336	0	461	4
472	jmp	4194320	0	0	4
473	ret	4194336	0	460	3
474	jmp	4194320	0	0	3
475	ret	4194336	0	459	2
476	jmp	4194320	0	0	2
477	ret	4194336	0	458	1
478	jmp	4194320	0	0	1
479	ret	4194336	0	457	0
480	jmp	4194320	0	0	0
481	cal	4194320	4194336	0	1
482	cal	4194320	4194336	0	2
483	cal	4194320	4194336	0	3
484	cal	4194320	4194336	0	4
485	cal	4194320	4194336	0	5
486	cal	4194320	4194336	0	6
487	cal	4194320	4194336	0	7
488	cal	4194320	4194336	0	8
489	ret	4194336	0	488	7
490	jmp	4194320	0	0	7
491	ret	4194336	0	487	6
492	jmp	4194320	0	0	6
493	ret	4194336	0	486	5
494	jmp	4194320	0	0	5
495	ret	4194336	0	485	4
496	jmp	4194320	0	0	4
497	ret	4194336	0	484	3
498	jmp	4194320	0	0	3
499	ret	4194336	0	483	2
500	jmp	4194320	0	0	2
501	ret	4194336	0	482	1
502	jmp	4194320	0	0	1
503	ret	4194336	0	481	0
504	jmp	4194320	0	0	0
505	cal	4194320	4194336	0	1
506	cal	4194320	4194336	0	2
507	cal	4194320	4194336	0	3
508	cal	4194320	4194336	0	4
509	cal	4194320	4194336	0	5
510	cal	4194320	4194336	0	6
511	cal	4194320	4194336	0	7
512	cal	4194320	4194336	0	8
513	ret	4194336	0	512	7
514	jmp	4194320	0	0	7
515	ret	4194336	0	511	6
516	jmp	4194320	0	0	6
517	ret	4194336	0	510	5
518	jmp	4194320	0	0	5
519	ret	4194336	0	509	4
520	jmp	4194320	0	0	4
521	ret	4194336	0	508	3
522	jmp	4194320	0	0	3
523	ret	4194336	0	507	2
524	jmp	4194320	0	0	2
525	ret	4194336	0	506	1
526	jmp	4194320	0	0	1
527	ret	4194336	0	505	0
528	jmp	4194320	0	0	0
529	cal	4194320	4194336	0	1
530	cal	4194320	4194336	0	2
531	cal	4194320	4194336	0	3
532	cal	4194320	4194336	0	4
533	cal	4194320	4194336	0	5
534	cal	4194320	4194336	0	6
535	cal	4194320	4194336	0	7
536	cal	4194320	4194336	0	8
537	ret	4194336	0	536	7
538	jmp	4194320	0	0	7
539	ret	4194336	0	535	6
540	jmp	4194320	0	0	6
541	ret	4194336	0	534	5
542	jmp	4194320	0	0	5
543	ret	4194336	0	533	4
544	jmp	4194320	0	0	4
545	ret	4194336	0	532	3
546	jmp	4194320	0	0	3
547	ret	4194336	0	531	2
548	jmp	4194320	0	0	2
549	ret	4194336	0	530	1
550	jmp	4194320	0	0	1
551	ret	4194336	0	529	0
552	jmp	4194320	0	0	0
553	cal	4194320	4194336	0	1
554	cal	4194320	4194336	0	2
555	cal	4194320	4194336	0	3
556	cal	4194320	4194336	0	4
557	cal	4194320	4194336	0	5
558	cal	4194320	4194336	0	6
559	cal	4194320	4194336	0	7
560	cal	4194320	4194336	0	8
561	ret	4194336	0	560	7
562	jmp	4194320	0	0	7
563	ret	4194336	0	559	6
564	jmp	4194320	0	0	6
565	ret	4194336	0	558	5
566	jmp	4194320	0	0	5
567	ret	4194336	0	557	4
568	jmp	4194320	0	0	4
569	ret	4194336	0	556	3
570	jmp	4194320	0	0	3
571	ret	4194336	0	555	2
572	jmp	4194320	0	0	2
573	ret	4194336	0	554	1
574	jmp	4194320	0	0	1
575	ret	4194336	0	553	0
576	jmp	4194320	0	0	0
577	cal	4194320	4194336	0	1
578	cal	4194320	4194336	0	2
579	cal	4194320	4194336	0	3
580	cal	4194320	4194336	0	4
581	cal	4194320	4194336	0	5
582	cal	4194320	4194336	0	6
583	cal	4194320	4194336	0	7
584	cal	4194320	4194336	0	8
585	ret	4194336	0	584	7
586	jmp	4194320	0	0	7
587	ret	4194336	0	583	6
588	jmp	4194320	0	0	6
589	ret	4194336	0	582	5
590	jmp	4194320	0	0	5
591	ret	4194336	0	581	4
592	jmp	4194320	0	0	4
593	ret	4194336	0	580	3
594	jmp	4194320	0	0	3
595	ret	4194336	0	579	2
596	jmp	4194320	0	0	2
597	ret	4194336	0	578	1
598	jmp	4194320	0	0	1
599	ret	4194336	0	577	0
600	jmp	4194320	0	0	0
601	cal	4194320	4194336	0	1
602	cal	4194320	4194336	0	2
603	cal	4194320	4194336	0	3
604	cal	4194320	4194336	0	4
605	cal	4194320	4194336	0	5
606	cal	4194320	4194336	0	6
607	cal	4194320	4194336	0	7
608	cal	4194320	4194336	0	8
609	ret	4194336	0	608	7
610	jmp	4194320	0	0	7
611	ret	4194336	0	607	6
612	jmp	4194320	0	0	6
613	ret	4194336	0	606	5
614	jmp	4194320	0	0	5
615	ret	4194336	0	605	4
616	jmp	4194320	0	0	4
617	ret	4194336	0	604	3
618	jmp	4194320	0	0	3
619	ret	4194336	0	603	2
620	jmp	4194320	0	0	2
621	ret	4194336	0	602	1
622	jmp	4194320	0	0	1
623	ret	4194336	0	601	0
624	jmp	4194320	0	0	0
625	cal	4194320	4194336	0	1
626	cal	4194320	4194336	0	2
627	cal	4194320	4194336	0	3
628	cal	4194320	4194336	0	4
629	cal	4194320	4194336	0	5
630	cal	4194320	4194336	0	6
631	cal	4194320	4194336	0	7
632	cal	4194320	4194336	0	8
633	ret	4194336	0	632	7
634	jmp	4194320	0	0	7
635	ret	4194336	0	631	6
636	jmp	4194320	0	0	6
637	ret	4194336	0	630	5
638	jmp	4194320	0	0	5
639	ret	4194336	0	629	4
640	jmp	4194320	0	0	4
641	ret	4194336	0	628	3
642	jmp	4194320	0	0	3
643	ret	4194336	0	627	2
644	jmp	4194320	0	0	2
645	ret	4194336	0	626	1
646	jmp	4194320	0	0	1
647	ret	4194336	0	625	0
648	jmp	4194320	0	0	0
649	cal	4194320	4194336	0	1
650	cal	4194320	4194336	0	2
651	cal	4194320	4194336	0	3
652	cal	4194320	4194336	0	4
653	cal	4194320	4194336	0	5
654	cal	4194320	4194336	0	6
655	cal	4194320	4194336	0	7
656	cal	4194320	4194336	0	8
657	ret	4194336	0	656	7
658	jmp	4194320	0	0	7
659	ret	4194336	0	655	6
660	jmp	4194320	0	0	6
661	ret	4194336	0	654	5
662	jmp	4194320	0	0	5
663	ret	4194336	0	653	4
664	jmp	4194320	0	0	4
665	ret	4194336	0	652	3
666	jmp	4194320	0	0	3
667	ret	4194336	0	651	2
668	jmp	4194320	0	0	2
669	ret	4194336	0	650	1
670	jmp	4194320	0	0	1
671	ret	4194336	0	649	0
672	jmp	4194320	0	0	0
673	cal	4194320	4194336	0	1
674	cal	4194320	4194336	0	2
675	cal	4194320	4194336	0	3
676	cal	4194320	4194336	0	4
677	cal	4194320	4194336	0	5
678	cal	4194320	4194336	0	6
679	cal	4194320	4194336	0	7
680	cal	4194320	4194336	0	8
681	ret	4194336	0	680	7
682	jmp	4194320	0	0	7
683	ret	4194336	0	679	6
684	jmp	4194320	0	0	6
685	ret	4194336	0	678	5
686	jmp	4194320	0	0	5
687	ret	4194336	0	677	4
688	jmp	4194320	0	0	4
689	ret	4194336	0	676	3
690	jmp	4194320	0	0	3
691	ret	4194336	0	675	2
692	jmp	4194320	0	0	2
693	ret	4194336	0	674	1
694	jmp	4194320	0	0	1
695	ret	4194336	0	673	0
696	jmp	4194320	0	0	0
697	cal	4194320	4194336	0	1
698	cal	4194320	4194336	0	2
699	cal	4194320	4194336	0	3
700	cal	4194320	4194336	0	4
701	cal	4194320	4194336	0	5
702	cal	4194320	4194336	0	6
703	cal	4194320	4194336	0	7
704	cal	4194320	4194336	0	8
705	ret	4194336	0	704	7
706	jmp	4194320	0	0	7
707	ret	4194336	0	703	6
708	jmp	4194320	0	0	6
709	ret	4194336	0	702	5
710	jmp	4194320	0	0	5
711	ret	4194336	0	701	4
712	jmp	4194320	0	0	4
713	ret	4194336	0	700	3
714	jmp	4194320	0	0	3
715	ret	4194336	0	699	2
716	jmp	4194320	0	0	2
717	ret	4194336	0	698	1
718	jmp	4194320	0	0	1
719	ret	4194336	0	697	0
720	jmp	4194320	0	0	0
721	cal	4194320	4194336	0	1
722	cal	4194320	4194336	0	2
723	cal	4194320	4194336	0	3
724	cal	4194320	4194336	0	4
725	cal	4194320	4194336	0	5
726	cal	4194320	4194336	0	6
727	cal	4194320	4194336	0	7
728	cal	4194320	4194336	0	8
729	ret	4194336	0	728	7
730	jmp	4194320	0	0	7
731	ret	4194336	0	727	6
732	jmp	4194320	0	0	6
733	ret	4194336	0	726	5
734	jmp	4194320	0	0	5
735	ret	4194336	0	725	4
736	jmp	4194320	0	0	4
737	ret	4194336	0	724	3
738	jmp	4194320	0	0	3
739	ret	4194336	0	723	2
740	jmp	4194320	0	0	2
741	ret	4194336	0	722	1
742	jmp	4194320	0	0	1
743	ret	4194336	0	721	0
744	jmp	4194320	0	0	0
745	cal	4194320	4194336	0	1
746	cal	4194320	4194336	0	2
747	cal	4194320	4194336	0	3
748	cal	4194320	4194336	0	4
749	cal	4194320	4194336	0	5
750	cal	4194320	4194336	0	6
751	cal	4194320	4194336	0	7
752	cal	4194320	4194336	0	8
753	ret	4194336	0	752	7
754	jmp	4194320	0	0	7
755	ret	4194336	0	751	6
756	jmp	4194320	0	0	6
757	ret	4194336	0	750	5
758	jmp	4194320	0	0	5
759	ret	4194336	0	749	4
760	jmp	4194320	0	0	4
761	ret	4194336	0	748	3
762	jmp	4194320	0	0	3
763	ret	4194336	0	747	2
764	jmp	4194320	0	0	2
765	ret	4194336	0	746	1
766	jmp	4194320	0	0	1
767	ret	4194336	0	745	0
768	jmp	4194320	0	0	0
769	cal	4194320	4194336	0	1
770	cal	4194320	4194336	0	2
771	cal	4194320	4194336	0	3
772	cal	4194320	4194336	0	4
773	cal	4194320	4194336	0	5
774	cal	4194320	4194336	0	6
775	cal	4194320	4194336	0	7
776	cal	4194320	4194336	0	8
777	ret	4194336	0	776	7
778	jmp	4194320	0	0	7
779	ret	4194336	0	775	6
780	jmp	4194320	0	0	6
781	ret	4194336	0	774	5
782	jmp	4194320	0	0	5
783	ret	4194336	0	773	4
784	jmp	4194320	0	0	4
785	ret	4194336	0	772	3
786	jmp	4194320	0	0	3
787	ret	4194336	0	771	2
788	jmp	4194320	0	0	2
789	ret	4194336	0	770	1
790	jmp	4194320	0	0	1
791	ret	4194336	0	769	0
792	jmp	4194320	0	0	0
793	cal	4194320	4194336	0	1
794	cal	4194320	4194336	0	2
795	cal	4194320	4194336	0	3
796	cal	4194320	4194336	0	4
797	cal	4194320	4194336	0	5
798	cal	4194320	4194336	0	6
799	cal	4194320	4194336	0	7
800	cal	4194320	4194336	0	8
801	ret	4194336	0	800	7
802	jmp	4194320	0	0	7
803	ret	4194336	0	799	6
804	jmp	4194320	0	0	6
805	ret	4194336	0	798	5
806	jmp	4194320	0	0	5
807	ret	4194336	0	797	4
808	jmp	4194320	0	0	4
809	ret	4194336	0	796	3
810	jmp	4194320	0	0	3
811	ret	4194336	0	795	2
812	jmp	4194320	0	0	2
813	ret	4194336	0	794	1
814	jmp	4194320	0	0	1
815	ret	4194336	0	793	0
816	jmp	4194320	0	0	0
817	cal	4194320	4194336	0	1
818	cal	4194320	4194336	0	2
819	cal	4194320	4194336	0	3
820	cal	4194320	4194336	0	4
821	cal	4194320	4194336	0	5
822	cal	4194320	4194336	0	6
823	cal	4194320	4194336	0	7
824	cal	4194320	4194336	0	8
825	ret	4194336	0	824	7
826	jmp	4194320	0	0	7
827	ret	4194336	0	823	6
828	jmp	4194320	0	0	6
829	ret	4194336	0	822	5
830	jmp	4194320	0	0	5
831	ret	4194336	0	821	4
832	jmp	4194320	0	0	4
833	ret	4194336	0	820	3
834	jmp	4194320	0	0	3
835	ret	4194336	0	819	2
836	jmp	4194320	0	0	2
837	ret	4194336	0	818	1
838	jmp	4194320	0	0	1
839	ret	4194336	0	817	0
840	jmp	4194320	0	0	0
841	cal	4194320	4194336	0	1
842	cal	4194320	4194336	0	2
843	cal	4194320	4194336	0	3
844	cal	4194320	4194336	0	4
845	cal	4194320	4194336	0	5
846	cal	4194320	4194336	0	6
847	cal	4194320	4194336	0	7
848	cal	4194320	4194336	0	8
849	ret	4194336	0	848	7
850	jmp	4194320	0	0	7
851	ret	4194336	0	847	6
852	jmp	4194320	0	0	6
853	ret	4194336	0	846	5
854	jmp	4194320	0	0	5
855	ret	4194336	0	845	4
856	jmp	4194320	0	0	4
857	ret	4194336	0	844	3
858	jmp	4194320	0	0	3
859	ret	4194336	0	843	2
860	jmp	4194320	0	0	2
861	ret	4194336	0	842	1
862	jmp	4194320	0	0	1
863	ret	4194336	0	841	0
864	jmp	4194320	0	0	0
865	cal	4194320	4194336	0	1
866	cal	4194320	4194336	0	2
867	cal	4194320	4194336	0	3
868	cal	4194320	4194336	0	4
869	cal	4194320	4194336	0	5
870	cal	4194320	4194336	0	6
871	cal	4194320	4194336	0	7
872	cal	4194320	4194336	0	8
873	ret	4194336	0	872	7
874	jmp	4194320	0	0	7
875	ret	4194336	0	871	6
876	jmp	4194320	0	0	6
877	ret	4194336	0	870	5
878	jmp	4194320	0	0	5
879	ret	4194336	0	869	4
880	jmp	4194320	0	0	4
881	ret	4194336	0	868	3
882	jmp	4194320	0	0	3
883	ret	4194336	0	867	2
884	jmp	4194320	0	0	2
885	ret	4194336	0	866	1
886	jmp	4194320	0	0	1
887	ret	4194336	0	865	0
888	jmp	4194320	0	0	0
889	cal	4194320	4194336	0	1
890	cal	4194320	4194336	0	2
891	cal	4194320	4194336	0	3
892	cal	4194320	4194336	0	4
893	cal	4194320	4194336	0	5
894	cal	4194320	4194336	0	6
895	cal	4194320	4194336	0	7
896	cal	4194320	4194336	0	8
897	ret	4194336	0	896	7
898	jmp	4194320	0	0	7
899	ret	4194336	0	895	6
900	jmp	4194320	0	0	6
901	ret	4194336	0	894	5
902	jmp	4194320	0	0	5
903	ret	4194336	0	893	4
904	jmp	4194320	0	0	4
905	ret	4194336	0	892	3
906	jmp	4194320	0	0	3
907	ret	4194336	0	891	2
908	jmp	4194320	0	0	2
909	ret	4194336	0	890	1
910	jmp	4194320	0	0	1
911	ret	4194336	0	889	0
912	jmp	4194320	0	0	0
913	cal	4194320	4194336	0	1
914	cal	4194320	4194336	0	2
915	cal	4194320	4194336	0	3
916	cal	4194320	4194336	0	4
917	cal	4194320	4194336	0	5
918	cal	4194320	4194336	0	6
919	cal	4194320	4194336	0	7
920	cal	4194320	4194336	0	8
921	ret	4194336	0	920	7
922	jmp	4194320	0	0	7
923	ret	4194336	0	919	6
924	jmp	4194320	0	0	6
925	ret	4194336	0	918	5
926	jmp	4194320	0	0	5
927	ret	4194336	0	917	4
928	jmp	4194320	0	0	4
929	ret	4194336	0	916	3
930	jmp	4194320	0	0	3
931	ret	4194336	0	915	2
932	jmp	4194320	0	0	2
933	ret	4194336	0	914	1
934	jmp	4194320	0	0	1
935	ret	4194336	0	913	0
936	jmp	4194320	0	0	0
937	cal	4194320	4194336	0	1
938	cal	4194320	4194336	0	2
939	cal	4194320	4194336	0	3
940	cal	4194320	4194336	0	4
941	cal	4194320	4194336	0	5
942	cal	4194320	4194336	0	6
943	cal	4194320	4194336	0	7
944	cal	4194320	4194336	0	8
945	ret	4194336	0	944	7
946	jmp	4194320	0	0	7
947	ret	4194336	0	943	6
948	jmp	4194320	0	0	6
949	ret	4194336	0	942	5
950	jmp	4194320	0	0	5
951	ret	4194336	0	941	4
952	jmp	4194320	0	0	4
953	ret	4194336	0	940	3
954	jmp	4194320	0	0	3
955	ret	4194336	0	939	2
956	jmp	4194320	0	0	2
957	ret	4194336	0	938	1
958	jmp	4194320	0	0	1
959	ret	4194336	0	937	0
960	jmp	4194320	0	0	0
961	cal	4194320	4194336	0	1
962	cal	4194320	4194336	0	2
963	cal	4194320	4194336	0	3
964	cal	4194320	4194336	0	4
965	cal	4194320	4194336	0	5
966	cal	4194320	4194336	0	6
967	cal	4194320	4194336	0	7
968	cal	4194320	4194336	0	8
969	ret	4194336	0	968	7
970	jmp	4194320	0	0	7
971	ret	4194336	0	967	6
972	jmp	4194320	0	0	6
973	ret	4194336	0	966	5
974	jmp	4194320	0	0	5
975	ret	4194336	0	965	4
976	jmp	4194320	0	0	4
977	ret	4194336	0	964	3
978	jmp	4194320	0	0	3
979	ret	4194336	0	963	2
980	jmp	4194320	0	0	2
981	ret	4194336	0	962	1
982	jmp	4194320	0	0	1
983	ret	4194336	0	961	0
984	jmp	4194320	0	0	0
985	cal	4194320	4194336	0	1
986	cal	4194320	4194336	0	2
987	cal	4194320	4194336	0	3
988	cal	4194320	4194336	0	4
989	cal	4194320	4194336	0	5
990	cal	4194320	4194336	0	6
991	cal	4194320	4194336	0	7
992	cal	4194320	4194336	0	8
993	ret	4194336	0	992	7
994	jmp	4194320	0	0	7
995	ret	4194336	0	991	6
996	jmp	4194320	0	0	6
997	ret	4194336	0	990	5
998	jmp	4194320	0	0	5
999	ret	4194336	0	989	4
1000	jmp	4194320	0	0	4
1001	ret	4194336	0	988	3
1002	jmp	4194320	0	0	3
1003	ret	4194336	0	987	2
1004	jmp	4194320	0	0	2
1005	ret	4194336	0	986	1
1006	jmp	4194320	0	0	1
1007	ret	4194336	0	985	0
1008	jmp	4194320	0	0	0
1009	cal	4194320	4194336	0	1
1010	cal	4194320	4194336	0	2
1011	cal	4194320	4194336	0	3
1012	cal	4194320	4194336	0	4
1013	cal	4194320	4194336	0	5
1014	cal	4194320	4194336	0	6
1015	cal	4194320	4194336	0	7
1016	cal	4194320	4194336	0	8
1017	ret	4194336	0	1016	7
1018	jmp	4194320	0	0	7
1019	ret	4194336	0	1015	6
1020	jmp	4194320	0	0	6
1021	ret	4194336	0	1014	5
1022	jmp	4194320	0	0	5
1023	ret	4194336	0	1013	4
1024	jmp	4194320	0	0	4
1025	ret	4194336	0	1012	3
1026	jmp	4194320	0	0	3
1027	ret	4194336	0	1011	2
1028	jmp	4194320	0	0	2
1029	ret	4194336	0	1010	1
1030	jmp	4194320	0	0	1
1031	ret	4194336	0	1009	0
1032	jmp	4194320	0	0	0
1033	cal	4194320	4194336	0	1
1034	cal	4194320	4194336	0	2
1035	cal	4194320	4194336	0	3
1036	cal	4194320	4194336	0	4
1037	cal	4194320	4194336	0	5
1038	cal	4194320	4194336	0	6
1039	cal	4194320	4194336	0	7
1040	cal	4194320	4194336	0	8
1041	ret	4194336	0	1040	7
1042	jmp	4194320	0	0	7
1043	ret	4194336	0	1039	6
1044	jmp	4194320	0	0	6
1045	ret	4194336	0	1038	5
1046	jmp	4194320	0	0	5
1047	ret	4194336	0	1037	4
1048	jmp	4194320	0	0	4
1049	ret	4194336	0	1036	3
1050	jmp	4194320	0	0	3
1051	ret	4194336	0	1035	2
1052	jmp	4194320	0	0	2
1053	ret	4194336	0	1034	1
1054	jmp	4194320	0	0	1
1055	ret	4194336	0	1033	0
1056	jmp	4194320	0	0	0
1057	cal	4194320	4194336	0	1
1058	cal	4194320	4194336	0	2
1059	cal	4194320	4194336	0	3
1060	cal	4194320	4194336	0	4
1061	cal	4194320	4194336	0	5
1062	cal	4194320	4194336	0	6
1063	cal	4194320	4194336	0	7
1064	cal	4194320	4194336	0	8
1065	ret	4194336	0	1064	7
1066	jmp	4194320	0	0	7
1067	ret	4194336	0	1063	6
1068	jmp	4194320	0	0	6
1069	ret	4194336	0	1062	5
1070	jmp	4194320	0	0	5
1071	ret	4194336	0	1061	4
1072	jmp	4194320	0	0	4
1073	ret	4194336	0	1060	3
1074	jmp	4194320	0	0	3
1075	ret	4194336	0	1059	2
1076	jmp	4194320	0	0	2
1077	ret	4194336	0	1058	1
1078	jmp	4194320	0	0	1
1079	ret	4194336	0	1057	0
1080	jmp	4194320	0	0	0
1081	cal	4194320	4194336	0	1
1082	cal	4194320	4194336	0	2
1083	cal	4194320	4194336	0	3
1084	cal	4194320	4194336	0	4
1085	cal	4194320	4194336	0	5
1086	cal	4194320	4194336	0	6
1087	cal	4194320	4194336	0	7
1088	cal	4194320	4194336	0	8
1089	ret	4194336	0	1088	7
1090	jmp	4194320	0	0	7
1091	ret	4194336	0	1087	6
1092	jmp	4194320	0	0	6
1093	ret	4194336	0	1086	5
1094	jmp	4194320	0	0	5
1095	ret	4194336	0	1085	4
1096	jmp	4194320	0	0	4
1097	ret	4194336	0	1084	3
1098	jmp	4194320	0	0	3
1099	ret	4194336	0	1083	2
1100	jmp	4194320	0	0	2
1101	ret	4194336	0	1082	1
1102	jmp	4194320	0	0	1
1103	ret	4194336	0	1081	0
1104	jmp	4194320	0	0	0
1105	cal	4194320	4194336	0	1
1106	cal	4194320	4194336	0	2
1107	cal	4194320	4194336	0	3
1108	cal	4194320	4194336	0	4
1109	cal	4194320	4194336	0	5
1110	cal	4194320	4194336	0	6
1111	cal	4194320	4194336	0	7
1112	cal	4194320	4194336	0	8
1113	ret	4194336	0	1112	7
1114	jmp	4194320	0	0	7
1115	ret	4194336	0	1111	6
1116	jmp	4194320	0	0	6
1117	ret	4194336	0	1110	5
1118	jmp	4194320	0	0	5
1119	ret	4194336	0	1109	4
1120	jmp	4194320	0	0	4
1121	ret	4194336	0	1108	3
1122	jmp	4194320	0	0	3
1123	ret	4194336	0	1107	2
1124	jmp	4194320	0	0	2
1125	ret	4194336	0	1106	1
1126	jmp	4194320	0	0	1
1127	ret	4194336	0	1105	0
1128	jmp	4194320	0	0	0
1129	cal	4194320	4194336	0	1
1130	cal	4194320	4194336	0	2
1131	cal	4194320	4194336	0	3
1132	cal	4194320	4194336	0	4
1133	cal	4194320	4194336	0	5
1134	cal	4194320	4194336	0	6
1135	cal	4194320	4194336	0	7
1136	cal	4194320	4194336	0	8
1137	ret	4194336	0	1136	7
1138	jmp	4194320	0	0	7
1139	ret	4194336	0	1135	6
1140	jmp	4194320	0	0	6
1141	ret	4194336	0	1134	5
1142	jmp	4194320	0	0	5
1143	ret	4194336	0	1133	4
1144	jmp	4194320	0	0	4
1145	ret	4194336	0	1132	3
1146	jmp	4194320	0	0	3
1147	ret	4194336	0	1131	2
1148	jmp	4194320	0	0	2
1149	ret	4194336	0	1130	1
1150	jmp	4194320	0	0	1
1151	ret	4194336	0	1129	0
1152	jmp	4194320	0	0	0
1153	cal	4194320	4194336	0	1
1154	cal	4194320	4194336	0	2
1155	cal	4194320	4194336	0	3
1156	cal	4194320	4194336	0	4
1157	cal	4194320	4194336	0	5
1158	cal	4194320	4194336	0	6
1159	cal	4194320	4194336	0	7
1160	cal	4194320	4194336	0	8
1161	ret	4194336	0	1160	7
1162	jmp	4194320	0	0	7
1163	ret	4194336	0	1159	6
1164	jmp	4194320	0	0	6
1165	ret	4194336	0	1158	5
1166	jmp	4194320	0	0	5
1167	ret	4194336	0	1157	4
1168	jmp	4194320	0	0	4
1169	ret	4194336	0	1156	3
1170	jmp	4194320	0	0	3
1171	ret	4194336	0	1155	2
1172	jmp	4194320	0	0	2
1173	ret	4194336	0	1154	1
1174	jmp	4194320	0	0	1
1175	ret	4194336	0	1153	0
1176	jmp	4194320	0	0	0
1177	cal	4194320	4194336	0	1
1178	cal	4194320	4194336	0	2
1179	cal	4194320	4194336	0	3
1180	cal	4194320	4194336	0	4
1181	cal	4194320	4194336	0	5
1182	cal	4194320	4194336	0	6
1183	cal	4194320	4194336	0	7
1184	cal	4194320	4194336	0	8
1185	ret	4194336	0	1184	7
1186	jmp	4194320	0	0	7
1187	ret	4194336	0	1183	6
1188	jmp	4194320	0	0	6
1189	ret	4194336	0	1182	5
1190	jmp	4194320	0	0	5
1191	ret	4194336	0	1181	4
1192	jmp	4194320	0	0	4
1193	ret	4194336	0	1180	3
1194	jmp	4194320	0	0	3
1195	ret	4194336	0	1179	2
1196	jmp	4194320	0	0	2
1197	ret	4194336	0	1178	1
1198	jmp	4194320	0	0	1
1199	ret	4194336	0	1177	0
1200	jmp	4194320	0	0	0
1201	cal	4194320	4194336	0	1
1202	cal	4194320	4194336	0	2
1203	cal	4194320	4194336	0	3
1204	cal	4194320	4194336	0	4
1205	cal	4194320	4194336	0	5
1206	cal	4194320	4194336	0	6
1207	cal	4194320	4194336	0	7
1208	cal	4194320	4194336	0	8
1209	ret	4194336	0	1208	7
1210	jmp	4194320	0	0	7
1211	ret	4194336	0	1207	6
1212	jmp	4194320	0	0	6
1213	ret	4194336	0	1206	5
1214	jmp	4194320	0	0	5
1215	ret	4194336	0	1205	4
1216	jmp	4194320	0	0	4
1217	ret	4194336	0	1204	3
1218	jmp	4194320	0	0	3
1219	ret	4194336	0	1203	2
1220	jmp	4194320	0	0	2
1221	ret	4194336	0	1202	1
1222	jmp	4194320	0	0	1
1223	ret	4194336	0	1201	0
1224	jmp	4194320	0	0	0
1225	cal	4194320	4194336	0	1
1226	cal	4194320	4194336	0	2
1227	cal	4194320	4194336	0	3
1228	cal	4194320	4194336	0	4
1229	cal	4194320	4194336	0	5
1230	cal	4194320	4194336	0	6
1231	cal	4194320	4194336	0	7
1232	cal	4194320	4194336	0	8
1233	ret	4194336	0	1232	7
1234	jmp	4194320	0	0	7
1235	ret	4194336	0	1231	6
1236	jmp	4194320	0	0	6
1237	ret	4194336	0	1230	5
1238	jmp	4194320	0	0	5
1239	ret	4194336	0	1229	4
1240	jmp	4194320	0	0	4
1241	ret	4194336	0	1228	3
1242	jmp	4194320	0	0	3
1243	ret	4194336	0	1227	2
1244	jmp	4194320	0	0	2
1245	ret	4194336	0	1226	1
1246	jmp	4194320	0	0	1
1247	ret	4194336	0	1225	0
1248	jmp	4194320	0	0	0
1249	cal	4194320	4194336	0	1
1250	cal	4194320	4194336	0	2
1251	cal	4194320	4194336	0	3
1252	cal	4194320	4194336	0	4
1253	cal	4194320	4194336	0	5
1254	cal	4194320	4194336	0	6
1255	cal	4194320	4194336	0	7
1256	cal	4194320	4194336	0	8
1257	ret	4194336	0	1256	7
1258	jmp	4194320	0	0	7
1259	ret	4194336	0	1255	6
1260	jmp	4194320	0	0	6
1261	ret	4194336	0	1254	5
1262	jmp	4194320	0	0	5
1263	ret	4194336	0	1253	4
1264	jmp	4194320	0	0	4
1265	ret	4194336	0	1252	3
1266	jmp	4194320	0	0	3
1267	ret	4194336	0	1251	2
1268	jmp	4194320	0	0	2
1269	ret	4194336	0	1250	1
1270	jmp	4194320	0	0	1
1271	ret	4194336	0	1249	0
1272	jmp	4194320	0	0	0
1273	cal	4194320	4194336	0	1
1274	cal	4194320	4194336	0	2
1275	cal	4194320	4194336	0	3
1276	cal	4194320	4194336	0	4
1277	cal	4194320	4194336	0	5
1278	cal	4194320	4194336	0	6
1279	cal	4194320	4194336	0	7
1280	cal	4194320	4194336	0	8
1281	ret	4194336	0	1280	7
1282	jmp	4194320	0	0	7
1283	ret	4194336	0	1279	6
1284	jmp	4194320	0	0	6
1285	ret	4194336	0	1278	5
1286	jmp	4194320	0	0	5
1287	ret	4194336	0	1277	4
1288	jmp	4194320	0	0	4
1289	ret	4194336	0	1276	3
1290	jmp	4194320	0	0	3
1291	ret	4194336	0	1275	2
1292	jmp	4194320	0	0	2
1293	ret	4194336	0	1274	1
1294	jmp	4194320	0	0	1
1295	ret	4194336	0	1273	0
1296	jmp	4194320	0	0	0
1297	cal	4194320	4194336	0	1
1298	cal	4194320	4194336	0	2
1299	cal	4194320	4194336	0	3
1300	cal	4194320	4194336	0	4
1301	cal	4194320	4194336	0	5
1302	cal	4194320	4194336	0	6
1303	cal	4194320	4194336	0	7
1304	cal	4194320	4194336	0	8
1305	ret	4194336	0	1304	7
1306	jmp	4194320	0	0	7
1307	ret	4194336	0	1303	6
1308	jmp	4194320	0	0	6
1309	ret	4194336	0	1302	5
1310	jmp	4194320	0	0	5
1311	ret	4194336	0	1301	4
1312	jmp	4194320	0	0	4
1313	ret	4194336	0	1300	3
1314	jmp	4194320	0	0	3
1315	ret	4194336	0	1299	2
1316	jmp	4194320	0	0	2
1317	ret	4194336	0	1298	1
1318	jmp	4194320	0	0	1
1319	ret	4194336	0	1297	0
1320	jmp	4194320	0	0	0
1321	cal	4194320	4194336	0	1
1322	cal	4194320	4194336	0	2
1323	cal	4194320	4194336	0	3
1324	cal	4194320	4194336	0	4
1325	cal	4194320	4194336	0	5
1326	cal	4194320	4194336	0	6
1327	cal	4194320	4194336	0	7
1328	cal	4194320	4194336	0	8
1329	ret	4194336	0	1328	7
1330	jmp	4194320	0	0	7
1331	ret	4194336	0	1327	6
1332	jmp	4194320	0	0	6
1333	ret	4194336	0	1326	5
1334	jmp	4194320	0	0	5
1335	ret	4194336	0	1325	4
1336	jmp	4194320	0	0	4
1337	ret	4194336	0	1324	3
1338	jmp	4194320	0	0	3
1339	ret	4194336	0	1323	2
1340	jmp	4194320	0	0	2
1341	ret	4194336	0	1322	1
1342	jmp	4194320	0	0	1
1343	ret	4194336	0	1321	0
1344	jmp	4194320	0	0	0
1345	cal	4194320	4194336	0	1
1346	cal	4194320	4194336	0	2
1347	cal	4194320	4194336	0	3
1348	cal	4194320	4194336	0	4
1349	cal	4194320	4194336	0	5
1350	cal	4194320	4194336	0	6
1351	cal	4194320	4194336	0	7
1352	cal	4194320	4194336	0	8
1353	ret	4194336	0	1352	7
1354	jmp	4194320	0	0	7
1355	ret	4194336	0	1351	6
1356	jmp	4194320	0	0	6
1357	ret	4194336	0	1350	5
1358	jmp	4194320	0	0	5
1359	ret	4194336	0	1349	4
1360	jmp	4194320	0	0	4
1361	ret	4194336	0	1348	3
1362	jmp	4194320	0	0	3
1363	ret	4194336	0	1347	2
1364	jmp	4194320	0	0	2
1365	ret	4194336	0	1346	1
1366	jmp	4194320	0	0	1
1367	ret	4194336	0	1345	0
1368	jmp	4194320	0	0	0
1369	cal	4194320	4194336	0	1
1370	cal	4194320	4194336	0	2
1371	cal	4194320	4194336	0	3
1372	cal	4194320	4194336	0	4
1373	cal	4194320	4194336	0	5
1374	cal	4194320	4194336	0	6
1375	cal	4194320	4194336	0	7
1376	cal	4194320	4194336	0	8
1377	ret	4194336	0	1376	7
1378	jmp	4194320	0	0	7
1379	ret	4194336	0	1375	6
1380	jmp	4194320	0	0	6
1381	ret	4194336	0	1374	5
1382	jmp	4194320	0	0	5
1383	ret	4194336	0	1373	4
1384	jmp	4194320	0	0	4
1385	ret	4194336	0	1372	3
1386	jmp	4194320	0	0	3
1387	ret	4194336	0	1371	2
1388	jmp	4194320	0	0	2
1389	ret	4194336	0	1370	1
1390	jmp	4194320	0	0	1
1391	ret	4194336	0	1369	0
1392	jmp	4194320	0	0	0
1393	cal	4194320	4194336	0	1
1394	cal	4194320	4194336	0	2
1395	cal	4194320	4194336	0	3
1396	cal	4194320	4194336	0	4
1397	cal	4194320	4194336	0	5
1398	cal	4194320	4194336	0	6
1399	cal	4194320	4194336	0	7
1400	cal	4194320	4194336	0	8
1401	ret	4194336	0	1400	7
1402	jmp	4194320	0	0	7
1403	ret	4194336	0	1399	6
1404	jmp	4194320	0	0	6
1405	ret	4194336	0	1398	5
1406	jmp	4194320	0	0	5
1407	ret	4194336	0	1397	4
1408	jmp	4194320	0	0	4
1409	ret	4194336	0	1396	3
1410	jmp	4194320	0	0	3
1411	ret	4194336	0	1395	2
1412	jmp	4194320	0	0	2
1413	ret	4194336	0	1394	1
1414	jmp	4194320	0	0	1
1415	ret	4194336	0	1393	0
1416	jmp	4194320	0	0	0
1417	cal	4194320	4194336	0	1
1418	cal	4194320	4194336	0	2
1419	cal	4194320	4194336	0	3
1420	cal	4194320	4194336	0	4
1421	cal	4194320	4194336	0	5
1422	cal	4194320	4194336	0	6
1423	cal	4194320	4194336	0	7
1424	cal	4194320	4194336	0	8
1425	ret	4194336	0	1424	7
1426	jmp	4194320	0	0	7
1427	ret	4194336	0	1423	6
1428	jmp	4194320	0	0	6
1429	ret	4194336	0	1422	5
1430	jmp	4194320	0	0	5
1431	ret	4194336	0	1421	4
1432	jmp	4194320	0	0	4
1433	ret	4194336	0	1420	3
1434	jmp	4194320	0	0	3
1435	ret	4194336	0	1419	2
1436	jmp	4194320	0	0	2
1437	ret	4194336	0	1418	1
1438	jmp	4194320	0	0	1
1439	ret	4194336	0	1417	0
1440	jmp	4194320	0	0	0
1441	cal	4194320	4194336	0	1
1442	cal	4194320	4194336	0	2
1443	cal	4194320	4194336	0	3
1444	cal	4194320	4194336	0	4
1445	cal	4194320	4194336	0	5
1446	cal	4194320	4194336	0	6
1447	cal	4194320	4194336	0	7
1448	cal	4194320	4194336	0	8
1449	ret	4194336	0	1448	7
1450	jmp	4194320	0	0	7
1451	ret	4194336	0	1447	6
1452	jmp	4194320	0	0	6
1453	ret	4194336	0	1446	5
1454	jmp	4194320	0	0	5
1455	ret	4194336	0	1445	4
1456	jmp	4194320	0	0	4
1457	ret	4194336	0	1444	3
1458	jmp	4194320	0	0	3
1459	ret	4194336	0	1443	2
1460	jmp	4194320	0	0	2
1461	ret	4194336	0	1442	1
1462	jmp	4194320	0	0	1
1463	ret	4194336	0	1441	0
1464	jmp	4194320	0	0	0
1465	cal	4194320	4194336	0	1
1466	cal	4194320	4194336	0	2
1467	cal	4194320	4194336	0	3
1468	cal	4194320	4194336	0	4
1469	cal	4194320	4194336	0	5
1470	cal	4194320	4194336	0	6
1471	cal	4194320	4194336	0	7
1472	cal	4194320	4194336	0	8
1473	ret	4194336	0	1472	7
1474	jmp	4194320	0	0	7
1475	ret	4194336	0	1471	6
1476	jmp	4194320	0	0	6
1477	ret	4194336	0	1470	5
1478	jmp	4194320	0	0	5
1479	ret	4194336	0	1469	4
1480	jmp	4194320	0	0	4
1481	ret	4194336	0	1468	3
1482	jmp	4194320	0	0	3
1483	ret	4194336	0	1467	2
1484	jmp	4194320	0	0	2
1485	ret	4194336	0	1466	1
1486	jmp	4194320	0	0	1
1487	ret	4194336	0	1465	0
1488	jmp	4194320	0	0	0
1489	cal	4194320	4194336	0	1
1490	cal	4194320	4194336	0	2
1491	cal	4194320	4194336	0	3
1492	cal	4194320	4194336	0	4
1493	cal	4194320	4194336	0	5
1494	cal	4194320	4194336	0	6
1495	cal	4194320	4194336	0	7
1496	cal	4194320	4194336	0	8
1497	ret	4194336	0	1496	7
1498	jmp	4194320	0	0	7
1499	ret	4194336	0	1495	6
1500	jmp	4194320	0	0	6
1501	ret	4194336	0	1494	5
1502	jmp	4194320	0	0	5
1503	ret	4194336	0	1493	4
1504	jmp	4194320	0	0	4
1505	ret	4194336	0	1492	3
1506	jmp	4194320	0	0	3
1507	ret	4194336	0	1491	2
1508	jmp	4194320	0	0	2
1509	ret	4194336	0	1490	1
1510	jmp	4194320	0	0	1
1511	ret	4194336	0	1489	0
1512	jmp	4194320	0	0	0
1513	cal	4194320	4194336	0	1
1514	cal	4194320	4194336	0	2
1515	cal	4194320	4194336	0	3
1516	cal	4194320	4194336	0	4
1517	cal	4194320	4194336	0	5
1518	cal	4194320	4194336	0	6
1519	cal	4194320	4194336	0	7
1520	cal	4194320	4194336	0	8
1521	ret	4194336	0	1520	7
1522	jmp	4194320	0	0	7
1523	ret	4194336	0	1519	6
1524	jmp	4194320	0	0	6
1525	ret	4194336	0	1518	5
1526	jmp	4194320	0	0	5
1527	ret	4194336	0	1517	4
1528	jmp	4194320	0	0	4
1529	ret	4194336	0	1516	3
1530	jmp	4194320	0	0	3
1531	ret	4194336	0	1515	2
1532	jmp	4194320	0	0	2
1533	ret	4194336	0	1514	1
1534	jmp	4194320	0	0	1
1535	ret	4194336	0	1513	0
1536	jmp	4194320	0	0	0
1537	cal	4194320	4194336	0	1
1538	cal	4194320	4194336	0	2
1539	cal	4194320	4194336	0	3
1540	cal	4194320	4194336	0	4
1541	cal	4194320	4194336	0	5
1542	cal	4194320	4194336	0	6
1543	cal	4194320	4194336	0	7
1544	cal	4194320	4194336	0	8
1545	ret	4194336	0	1544	7
1546	jmp	4194320	0	0	7
1547	ret	4194336	0	1543	6
1548	jmp	4194320	0	0	6
1549	ret	4194336	0	1542	5
1550	jmp	4194320	0	0	5
1551	ret	4194336	0	1541	4
1552	jmp	4194320	0	0	4
1553	ret	4194336	0	1540	3
1554	jmp	4194320	0	0	3
1555	ret	4194336	0	1539	2
1556	jmp	4194320	0	0	2
1557	ret	4194336	0	1538	1
1558	jmp	4194320	0	0	1
1559	ret	4194336	0	1537	0
1560	jmp	4194320	0	0	0
1561	cal	4194320	4194336	0	1
1562	cal	4194320	4194336	0	2
1563	cal	4194320	4194336	0	3
1564	cal	4194320	4194336	0	4
1565	cal	4194320	4194336	0	5
1566	cal	4194320	4194336	0	6
1567	cal	4194320	4194336	0	7
1568	cal	4194320	4194336	0	8
1569	ret	4194336	0	1568	7
1570	jmp	4194320	0	0	7
1571	ret	4194336	0	1567	6
1572	jmp	4194320	0	0	6
1573	ret	4194336	0	1566	5
1574	jmp	4194320	0	0	5
1575	ret	4194336	0	1565	4
1576	jmp	4194320	0	0	4
1577	ret	4194336	0	1564	3
1578	jmp	4194320	0	0	3
1579	ret	4194336	0	1563	2
1580	jmp	4194320	0	0	2
1581	ret	4194336	0	1562	1
1582	jmp	4194320	0	0	1
1583	ret	4194336	0	1561	0
1584	jmp	4194320	0	0	0
1585	cal	4194320	4194336	0	1
1586	cal	4194320	4194336	0	2
1587	cal	4194320	4194336	0	3
1588	cal	4194320	4194336	0	4
1589	cal	4194320	4194336	0	5
1590	cal	4194320	4194336	0	6
1591	cal	4194320	4194336	0	7
1592	cal	4194320	4194336	0	8
1593	ret	4194336	0	1592	7
1594	jmp	4194320	0	0	7
1595	ret	4194336	0	1591	6
1596	jmp	4194320	0	0	6
1597	ret	4194336	0	1590	5
1598	jmp	4194320	0	0	5
1599	ret	4194336	0	1589	4
1600	jmp	4194320	0	0	4
1601	ret	4194336	0	1588	3
1602	jmp	4194320	0	0	3
1603	ret	4194336	0	1587	2
1604	jmp	4194320	0	0	2
1605	ret	4194336	0	1586	1
1606	jmp	4194320	0	0	1
1607	ret	4194336	0	1585	0
1608	jmp	4194320	0	0	0
1609	cal	4194320	4194336	0	1
1610	cal	4194320	4194336	0	2
1611	cal	4194320	4194336	0	3
1612	cal	4194320	4194336	0	4
1613	cal	4194320	4194336	0	5
1614	cal	4194320	4194336	0	6
1615	cal	4194320	4194336	0	7
1616	cal	4194320	4194336	0	8
1617	ret	4194336	0	1616	7
1618	jmp	4194320	0	0	7
1619	ret	4194336	0	1615	6
1620	jmp	4194320	0	0	6
1621	ret	4194336	0	1614	5
1622	jmp	4194320	0	0	5
1623	ret	4194336	0	1613	4
1624	jmp	4194320	0	0	4
1625	ret	4194336	0	1612	3
1626	jmp	4194320	0	0	3
1627	ret	4194336	0	1611	2
1628	jmp	4194320	0	0	2
1629	ret	4194336	0	1610	1
1630	jmp	4194320	0	0	1
1631	ret	4194336	0	1609	0
1632	jmp	4194320	0	0	0
1633	cal	4194320	4194336	0	1
1634	cal	4194320	4194336	0	2
1635	cal	4194320	4194336	0	3
1636	cal	4194320	4194336	0	4
1637	cal	4194320	4194336	0	5
1638	cal	4194320	4194336	0	6
1639	cal	4194320	4194336	0	7
1640	cal	4194320	4194336	0	8
1641	ret	4194336	0	1640	7
1642	jmp	4194320	0	0	7
1643	ret	4194336	0	1639	6
1644	jmp	4194320	0	0	6
1645	ret	4194336	0	1638	5
1646	jmp	4194320	0	0	5
1647	ret	4194336	0	1637	4
1648	jmp	4194320	0	0	4
1649	ret	4194336	0	1636	3
1650	jmp	4194320	0	0	3
1651	ret	4194336	0	1635	2
1652	jmp	4194320	0	0	2
1653	ret	4194336	0	1634	1
1654	jmp	4194320	0	0	1
1655	ret	4194336	0	1633	0
1656	jmp	4194320	0	0	0
1657	cal	4194320	4194336	0	1
1658	cal	4194320	4194336	0	2
1659	cal	4194320	4194336	0	3
1660	cal	4194320	4194336	0	4
1661	cal	4194320	4194336	0	5
1662	cal	4194320	4194336	0	6
1663	cal	4194320	4194336	0	7
1664	cal	4194320	4194336	0	8
1665	ret	4194336	0	1664	7
1666	jmp	4194320	0	0	7
1667	ret	4194336	0	1663	6
1668	jmp	4194320	0	0	6
1669	ret	4194336	0	1662	5
1670	jmp	4194320	0	0	5
1671	ret	4194336	0	1661	4
1672	jmp	4194320	0	0	4
1673	ret	4194336	0	1660	3
1674	jmp	4194320	0	0	3
1675	ret	4194336	0	1659	2
1676	jmp	4194320	0	0	2
1677	ret	4194336	0	1658	1
1678	jmp	4194320	0	0	1
1679	ret	4194336	0	1657	0
1680	jmp	4194320	0	0	0
1681	cal	4194320	4194336	0	1
1682	cal	4194320	4194336	0	2
1683	cal	4194320	4194336	0	3
1684	cal	4194320	4194336	0	4
1685	cal	4194320	4194336	0	5
1686	cal	4194320	4194336	0	6
1687	cal	4194320	4194336	0	7
1688	cal	4194320	4194336	0	8
1689	ret	4194336	0	1688	7
1690	jmp	4194320	0	0	7
1691	ret	4194336	0	1687	6
1692	jmp	4194320	0	0	6
1693	ret	4194336	0	1686	5
1694	jmp	4194320	0	0	5
1695	ret	4194336	0	1685	4
1696	jmp	4194320	0	0	4
1697	ret	4194336	0	1684	3
1698	jmp	4194320	0	0	3
1699	ret	4194336	0	1683	2
1700	jmp	4194320	0	0	2
1701	ret	4194336	0	1682	1
1702	jmp	4194320	0	0	1
1703	ret	4194336	0	1681	0
1704	jmp	4194320	0	0	0
1705	cal	4194320	4194336	0	1
1706	cal	4194320	4194336	0	2
1707	cal	4194320	4194336	0	3
1708	cal	4194320	4194336	0	4
1709	cal	4194320	4194336	0	5
1710	cal	4194320	4194336	0	6
1711	cal	4194320	4194336	0	7
1712	cal	4194320	4194336	0	8
1713	ret	4194336	0	1712	7
1714	jmp	4194320	0	0	7
1715	ret	4194336	0	1711	6
1716	jmp	4194320	0	0	6
1717	ret	4194336	0	1710	5
1718	jmp	4194320	0	0	5
1719	ret	4194336	0	1709	4
1720	jmp	4194320	0	0	4
1721	ret	4194336	0	1708	3
1722	jmp	4194320	0	0	3
1723	ret	4194336	0	1707	2
1724	jmp	4194320	0	0	2
1725	ret	4194336	0	1706	1
1726	jmp	4194320	0	0	1
1727	ret	4194336	0	1705	0
1728	jmp	4194320	0	0	0
1729	cal	4194320	4194336	0	1
1730	cal	4194320	4194336	0	2
1731	cal	4194320	4194336	0	3
1732	cal	4194320	4194336	0	4
1733	cal	4194320	4194336	0	5
1734	cal	4194320	4194336	0	6
1735	cal	4194320	4194336	0	7
1736	cal	4194320	4194336	0	8
1737	ret	4194336	0	1736	7
1738	jmp	4194320	0	0	7
1739	ret	4194336	0	1735	6
1740	jmp	4194320	0	0	6
1741	ret	4194336	0	1734	5
1742	jmp	4194320	0	0	5
1743	ret	4194336	0	1733	4
1744	jmp	4194320	0	0	4
1745	ret	4194336	0	1732	3
1746	jmp	4194320	0	0	3
1747	ret	4194336	0	1731	2
1748	jmp	4194320	0	0	2
1749	ret	4194336	0	1730	1
1750	jmp	4194320	0	0	1
1751	ret	4194336	0	1729	0
1752	jmp	4194320	0	0	0
1753	cal	4194320	4194336	0	1
1754	cal	4194320	4194336	0	2
1755	cal	4194320	4194336	0	3
1756	cal	4194320	4194336	0	4
1757	cal	4194320	4194336	0	5
1758	cal	4194320	4194336	0	6
1759	cal	4194320	4194336	0	7
1760	cal	4194320	4194336	0	8
1761	ret	4194336	0	1760	7
1762	jmp	4194320	0	0	7
1763	ret	4194336	0	1759	6
1764	jmp	4194320	0	0	6
1765	ret	4194336	0	1758	5
1766	jmp	4194320	0	0	5
1767	ret	4194336	0	1757	4
1768	jmp	4194320	0	0	4
1769	ret	4194336	0	1756	3
1770	jmp	4194320	0	0	3
1771	ret	4194336	0	1755	2
1772	jmp	4194320	0	0	2
1773	ret	4194336	0	1754	1
1774	jmp	4194320	0	0	1
1775	ret	4194336	0	1753	0
1776	jmp	4194320	0	0	0
1777	cal	4194320	4194336	0	1
1778	cal	4194320	4194336	0	2
1779	cal	4194320	4194336	0	3
1780	cal	4194320	4194336	0	4
1781	cal	4194320	4194336	0	5
1782	cal	4194320	4194336	0	6
1783	cal	4194320	4194336	0	7
1784	cal	4194320	4194336	0	8
1785	ret	4194336	0	1784	7
1786	jmp	4194320	0	0	7
1787	ret	4194336	0	1783	6
1788	jmp	4194320	0	0	6
1789	ret	4194336	0	1782	5
1790	jmp	4194320	0	0	5
1791	ret	4194336	0	1781	4
1792	jmp	4194320	0	0	4
1793	ret	4194336	0	1780	3
1794	jmp	4194320	0	0	3
1795	ret	4194336	0	1779	2
1796	jmp	4194320	0	0	2
1797	ret	4194336	0	1778	1
1798	jmp	4194320	0	0	1
1799	ret	4194336	0	1777	0
1800	jmp	4194320	0	0	0
1801	cal	4194320	4194336	0	1
1802	cal	4194320	4194336	0	2
1803	cal	4194320	4194336	0	3
1804	cal	4194320	4194336	0	4
1805	cal	4194320	4194336	0	5
1806	cal	4194320	4194336	0	6
1807	cal	4194320	4194336	0	7
1808	cal	4194320	4194336	0	8
1809	ret	4194336	0	1808	7
1810	jmp	4194320	0	0	7
1811	ret	4194336	0	1807	6
1812	jmp	4194320	0	0	6
1813	ret	4194336	0	1806	5
1814	jmp	4194320	0	0	5
1815	ret	4194336	0	1805	4
1816	jmp	4194320	0	0	4
1817	ret	4194336	0	1804	3
1818	jmp	4194320	0	0	3
1819	ret	4194336	0	1803	2
1820	jmp	4194320	0	0	2
1821	ret	4194336	0	1802	1
1822	jmp	4194320	0	0	1
1823	ret	4194336	0	1801	0
1824	jmp	4194320	0	0	0
1825	cal	4194320	4194336	0	1
1826	cal	4194320	4194336	0	2
1827	cal	4194320	4194336	0	3
1828	cal	4194320	4194336	0	4
1829	cal	4194320	4194336	0	5
1830	cal	4194320	4194336	0	6
1831	cal	4194320	4194336	0	7
1832	cal	4194320	4194336	0	8
1833	ret	4194336	0	1832	7
1834	jmp	4194320	0	0	7
1835	ret	4194336	0	1831	6
1836	jmp	4194320	0	0	6
1837	ret	4194336	0	1830	5
1838	jmp	4194320	0	0	5
1839	ret	4194336	0	1829	4
1840	jmp	4194320	0	0	4
1841	ret	4194336	0	1828	3
1842	jmp	4194320	0	0	3
1843	ret	4194336	0	1827	2
1844	jmp	4194320	0	0	2
1845	ret	4194336	0	1826	1
1846	jmp	4194320	0	0	1
1847	ret	4194336	0	1825	0
1848	jmp	4194320	0	0	0
1849	cal	4194320	4194336	0	1
1850	cal	4194320	4194336	0	2
1851	cal	4194320	4194336	0	3
1852	cal	4194320	4194336	0	4
1853	cal	4194320	4194336	0	5
1854	cal	4194320	4194336	0	6
1855	cal	4194320	4194336	0	7
1856	cal	4194320	4194336	0	8
1857	ret	4194336	0	1856	7
1858	jmp	4194320	0	0	7
1859	ret	4194336	0	1855	6
1860	jmp	4194320	0	0	6
1861	ret	4194336	0	1854	5
1862	jmp	4194320	0	0	5
1863	ret	4194336	0	1853	4
1864	jmp	4194320	0	0	4
1865	ret	4194336	0	1852	3
1866	jmp	4194320	0	0	3
1867	ret	4194336	0	1851	2
1868	jmp	4194320	0	0	2
1869	ret	4194336	0	1850	1
1870	jmp	4194320	0	0	1
1871	ret	4194336	0	1849	0
1872	jmp	4194320	0	0	0
1873	cal	4194320	4194336	0	1
1874	cal	4194320	4194336	0	2
1875	cal	4194320	4194336	0	3
1876	cal	4194320	4194336	0	4
1877	cal	4194320	4194336	0	5
1878	cal	4194320	4194336	0	6
1879	cal	4194320	4194336	0	7
1880	cal	4194320	4194336	0	8
1881	ret	4194336	0	1880	7
1882	jmp	4194320	0	0	7
1883	ret	4194336	0	1879	6
1884	jmp	4194320	0	0	6
1885	ret	4194336	0	1878	5
1886	jmp	4194320	0	0	5
1887	ret	4194336	0	1877	4
1888	jmp	4194320	0	0	4
1889	ret	4194336	0	1876	3
1890	jmp	4194320	0	0	3
1891	ret	4194336	0	1875	2
1892	jmp	4194320	0	0	2
1893	ret	4194336	0	1874	1
1894	jmp	4194320	0	0	1
1895	ret	4194336	0	1873	0
1896	jmp	4194320	0	0	0
1897	cal	4194320	4194336	0	1
1898	cal	4194320	4194336	0	2
1899	cal	4194320	4194336	0	3
1900	cal	4194320	4194336	0	4
1901	cal	4194320	4194336	0	5
1902	cal	4194320	4194336	0	6
1903	cal	4194320	4194336	0	7
1904	cal	4194320	4194336	0	8
1905	ret	4194336	0	1904	7
1906	jmp	4194320	0	0	7
1907	ret	4194336	0	1903	6
1908	jmp	4194320	0	0	6
1909	ret	4194336	0	1902	5
1910	jmp	4194320	0	0	5
1911	ret	4194336	0	1901	4
1912	jmp	4194320	0	0	4
1913	ret	4194336	0	1900	3
1914	jmp	4194320	0	0	3
1915	ret	4194336	0	1899	2
1916	jmp	4194320	0	0	2
1917	ret	4194336	0	1898	1
1918	jmp	4194320	0	0	1
1919	ret	4194336	0	1897	0
1920	jmp	4194320	0	0	0
1921	cal	4194320	4194336	0	1
1922	cal	4194320	4194336	0	2
1923	cal	4194320	4194336	0	3
1924	cal	4194320	4194336	0	4
1925	cal	4194320	4194336	0	5
1926	cal	4194320	4194336	0	6
1927	cal	4194320	4194336	0	7
1928	cal	4194320	4194336	0	8
1929	ret	4194336	0	1928	7
1930	jmp	4194320	0	0	7
1931	ret	4194336	0	1927	6
1932	jmp	4194320	0	0	6
1933	ret	4194336	0	1926	5
1934	jmp	4194320	0	0	5
1935	ret	4194336	0	1925	4
1936	jmp	4194320	0	0	4
1937	ret	4194336	0	1924	3
1938	jmp	4194320	0	0	3
1939	ret	4194336	0	1923	2
1940	jmp	4194320	0	0	2
1941	ret	4194336	0	1922	1
1942	jmp	4194320	0	0	1
1943	ret	4194336	0	1921	0
1944	jmp	4194320	0	0	0
1945	cal	4194320	4194336	0	1
1946	cal	4194320	4194336	0	2
1947	cal	4194320	4194336	0	3
1948	cal	4194320	4194336	0	4
1949	cal	4194320	4194336	0	5
1950	cal	4194320	4194336	0	6
1951	cal	4194320	4194336	0	7
1952	cal	4194320	4194336	0	8
1953	ret	4194336	0	1952	7
1954	jmp	4194320	0	0	7
1955	ret	4194336	0	1951	6
1956	jmp	4194320	0	0	6
1957	ret	4194336	0	1950	5
1958	jmp	4194320	0	0	5
1959	ret	4194336	0	1949	4
1960	jmp	4194320	0	0	4
1961	ret	4194336	0	1948	3
1962	jmp	4194320	0	0	3
1963	ret	4194336	0	1947	2
1964	jmp	4194320	0	0	2
1965	ret	4194336	0	1946	1
1966	jmp	4194320	0	0	1
1967	ret	4194336	0	1945	0
1968	jmp	4194320	0	0	0
1969	cal	4194320	4194336	0	1
1970	cal	4194320	4194336	0	2
1971	cal	4194320	4194336	0	3
1972	cal	4194320	4194336	0	4
1973	cal	4194320	4194336	0	5
1974	cal	4194320	4194336	0	6
1975	cal	4194320	4194336	0	7
1976	cal	4194320	4194336	0	8
1977	ret	4194336	0	1976	7
1978	jmp	4194320	0	0	7
1979	ret	4194336	0	1975	6
1980	jmp	4194320	0	0	6
1981	ret	4194336	0	1974	5
1982	jmp	4194320	0	0	5
1983	ret	4194336	0	1973	4
1984	jmp	4194320	0	0	4
1985	ret	4194336	0	1972	3
1986	jmp	4194320	0	0	3
1987	ret	4194336	0	1971	2
1988	jmp	4194320	0	0	2
1989	ret	4194336	0	1970	1
1990	jmp	4194320	0	0	1
1991	ret	4194336	0	1969	0
1992	jmp	4194320	0	0	0
1993	cal	4194320	4194336	0	1
1994	cal	4194320	4194336	0	2
1995	cal	4194320	4194336	0	3
1996	cal	4194320	4194336	0	4
1997	cal	4194320	4194336	0	5
1998	cal	4194320	4194336	0	6
1999	cal	4194320	4194336	0	7
2000	cal	4194320	4194336	0	8
2001	ret	4194336	0	2000	7
2002	jmp	4194320	0	0	7
2003	ret	4194336	0	1999	6
2004	jmp	4194320	0	0	6
2005	ret	4194336	0	1998	5
2006	jmp	4194320	0	0	5
2007	ret	4194336	0	1997	4
2008	jmp	4194320	0	0	4
2009	ret	4194336	0	1996	3
2010	jmp	4194320	0	0	3
2011	ret	4194336	0	1995	2
2012	jmp	4194320	0	0	2
2013	ret	4194336	0	1994	1
2014	jmp	4194320	0	0	1
2015	ret	4194336	0	1993	0
2016	jmp	4194320	0	0	0
2017	cal	4194320	4194336	0	1
2018	cal	4194320	4194336	0	2
2019	cal	4194320	4194336	0	3
2020	cal	4194320	4194336	0	4
2021	cal	4194320	4194336	0	5
2022	cal	4194320	4194336	0	6
2023	cal	4194320	4194336	0	7
2024	cal	4194320	4194336	0	8
2025	ret	4194336	0	2024	7
2026	jmp	4194320	0	0	7
2027	ret	4194336	0	2023	6
2028	jmp	4194320	0	0	6
2029	ret	4194336	0	2022	5
2030	jmp	4194320	0	0	5
2031	ret	4194336	0	2021	4
2032	jmp	4194320	0	0	4
2033	ret	4194336	0	2020	3
2034	jmp	4194320	0	0	3
2035	ret	4194336	0	2019	2
2036	jmp	4194320	0	0	2
2037	ret	4194336	0	2018	1
2038	jmp	4194320	0	0	1
2039	ret	4194336	0	2017	0
2040	jmp	4194320	0	0	0
2041	cal	4194320	4194336	0	1
2042	cal	4194320	4194336	0	2
2043	cal	4194320	4194336	0	3
2044	cal	4194320	4194336	0	4
2045	cal	4194320	4194336	0	5
2046	cal	4194320	4194336	0	6
2047	cal	4194320	4194336	0	7
2048	cal	4194320	4194336	0	8
2049	ret	4194336	0	2048	7
2050	jmp	4194320	0	0	7
2051	ret	4194336	0	2047	6
2052	jmp	4194320	0	0	6
2053	ret	4194336	0	2046	5
2054	jmp	4194320	0	0	5
2055	ret	4194336	0	2045	4
2056	jmp	4194320	0	0	4
2057	ret	4194336	0	2044	3
2058	jmp	4194320	0	0	3
2059	ret	4194336	0	2043	2
2060	jmp	4194320	0	0	2
2061	ret	4194336	0	2042	1
2062	jmp	4194320	0	0	1
2063	ret	4194336	0	2041	0
2064	jmp	4194320	0	0	0
2065	cal	4194320	4194336	0	1
2066	cal	4194320	4194336	0	2
2067	cal	4194320	4194336	0	3
2068	cal	4194320	4194336	0	4
2069	cal	4194320	4194336	0	5
2070	cal	4194320	4194336	0	6
2071	cal	4194320	4194336	0	7
2072	cal	4194320	4194336	0	8
2073	ret	4194336	0	2072	7
2074	jmp	4194320	0	0	7
2075	ret	4194336	0	2071	6
2076	jmp	4194320	0	0	6
2077	ret	4194336	0	2070	5
2078	jmp	4194320	0	0	5
2079	ret	4194336	0	2069	4
2080	jmp	4194320	0	0	4
2081	ret	4194336	0	2068	3
2082	jmp	4194320	0	0	3
2083	ret	4194336	0	2067	2
2084	jmp	4194320	0	0	2
2085	ret	4194336	0	2066	1
2086	jmp	4194320	0	0	1
2087	ret	4194336	0	2065	0
2088	jmp	4194320	0	0	0
2089	cal	4194320	4194336	0	1
2090	cal	4194320	4194336	0	2
2091	cal	4194320	4194336	0	3
2092	cal	4194320	4194336	0	4
2093	cal	4194320	4194336	0	5
2094	cal	4194320	4194336	0	6
2095	cal	4194320	4194336	0	7
2096	cal	4194320	4194336	0	8
2097	ret	4194336	0	2096	7
2098	jmp	4194320	0	0	7
2099	ret	4194336	0	2095	6
2100	jmp	4194320	0	0	6
2101	ret	4194336	0	2094	5
2102	jmp	4194320	0	0	5
2103	ret	4194336	0	2093	4
2104	jmp	4194320	0	0	4
2105	ret	4194336	0	2092	3
2106	jmp	4194320	0	0	3
2107	ret	4194336	0	2091	2
2108	jmp	4194320	0	0	2
2109	ret	4194336	0	2090	1
2110	jmp	4194320	0	0	1
2111	ret	4194336	0	2089	0
2112	jmp	4194320	0	0	0
2113	cal	4194320	4194336	0	1
2114	cal	4194320	4194336	0	2
2115	cal	4194320	4194336	0	3
2116	cal	4194320	4194336	0	4
2117	cal	4194320	4194336	0	5
2118	cal	4194320	4194336	0	6
2119	cal	4194320	4194336	0	7
2120	cal	4194320	4194336	0	8
2121	ret	4194336	0	2120	7
2122	jmp	4194320	0	0	7
2123	ret	4194336	0	2119	6
2124	jmp	4194320	0	0	6
2125	ret	4194336	0	2118	5
2126	jmp	4194320	0	0	5
2127	ret	4194336	0	2117	4
2128	jmp	4194320	0	0	4
2129	ret	4194336	0	2116	3
2130	jmp	4194320	0	0	3
2131	ret	4194336	0	2115	2
2132	jmp	4194320	0	0	2
2133	ret	4194336	0	2114	1
2134	jmp	4194320	0	0	1
2135	ret	4194336	0	2113	0
2136	jmp	4194320	0	0	0
2137	cal	4194320	4194336	0	1
2138	cal	4194320	4194336	0	2
2139	cal	4194320	4194336	0	3
2140	cal	4194320	4194336	0	4
2141	cal	4194320	4194336	0	5
2142	cal	4194320	4194336	0	6
2143	cal	4194320	4194336	0	7
2144	cal	4194320	4194336	0	8
2145	ret	4194336	0	2144	7
2146	jmp	4194320	0	0	7
2147	ret	4194336	0	2143	6
2148	jmp	4194320	0	0	6
2149	ret	4194336	0	2142	5
2150	jmp	4194320	0	0	5
2151	ret	4194336	0	2141	4
2152	jmp	4194320	0	0	4
2153	ret	4194336	0	2140	3
2154	jmp	4194320	0	0	3
2155	ret	4194336	0	2139	2
2156	jmp	4194320	0	0	2
2157	ret	4194336	0	2138	1
2158	jmp	4194320	0	0	1
2159	ret	4194336	0	2137	0
2160	jmp	4194320	0	0	0
2161	cal	4194320	4194336	0	1
2162	cal	4194320	4194336	0	2
2163	cal	4194320	4194336	0	3
2164	cal	4194320	4194336	0	4
2165	cal	4194320	4194336	0	5
2166	cal	4194320	4194336	0	6
2167	cal	4194320	4194336	0	7
2168	cal	4194320	4194336	0	8
2169	ret	4194336	0	2168	7
2170	jmp	4194320	0	0	7
2171	ret	4194336	0	2167	6
2172	jmp	4194320	0	0	6
2173	ret	4194336	0	2166	5
2174	jmp	4194320	0	0	5
2175	ret	4194336	0	2165	4
2176	jmp	4194320	0	0	4
2177	ret	4194336	0	2164	3
2178	jmp	4194320	0	0	3
2179	ret	4194336	0	2163	2
2180	jmp	4194320	0	0	2
2181	ret	4194336	0	2162	1
2182	jmp	4194320	0	0	1
2183	ret	4194336	0	2161	0
2184	jmp	4194320	0	0	0
2185	cal	4194320	4194336	0	1
2186	cal	4194320	4194336	0	2
2187	cal	4194320	4194336	0	3
2188	cal	4194320	4194336	0	4
2189	cal	4194320	4194336	0	5
2190	cal	4194320	4194336	0	6
2191	cal	4194320	4194336	0	7
2192	cal	4194320	4194336	0	8
2193	ret	4194336	0	2192	7
2194	jmp	4194320	0	0	7
2195	ret	4194336	0	2191	6
2196	jmp	4194320	0	0	6
2197	ret	4194336	0	2190	5
2198	jmp	4194320	0	0	5
2199	ret	4194336	0	2189	4
2200	jmp	4194320	0	0	4
2201	ret	4194336	0	2188	3
2202	jmp	4194320	0	0	3
2203	ret	4194336	0	2187	2
2204	jmp	4194320	0	0	2
2205	ret	4194336	0	2186	1
2206	jmp	4194320	0	0	1
2207	ret	4194336	0	2185	0
2208	jmp	4194320	0	0	0
2209	cal	4194320	4194336	0	1
2210	cal	4194320	4194336	0	2
2211	cal	4194320	4194336	0	3
2212	cal	4194320	4194336	0	4
2213	cal	4194320	4194336	0	5
2214	cal	4194320	4194336	0	6
2215	cal	4194320	4194336	0	7
2216	cal	4194320	4194336	0	8
2217	ret	4194336	0	2216	7
2218	jmp	4194320	0	0	7
2219	ret	4194336	0	2215	6
2220	jmp	4194320	0	0	6
2221	ret	4194336	0	2214	5
2222	jmp	4194320	0	0	5
2223	ret	4194336	0	2213	4
2224	jmp	4194320	0	0	4
2225	ret	4194336	0	2212	3
2226	jmp	4194320	0	0	3
2227	ret	4194336	0	2211	2
2228	jmp	4194320	0	0	2
2229	ret	4194336	0	2210	1
2230	jmp	4194320	0	0	1
2231	ret	4194336	0	2209	0
2232	jmp	4194320	0	0	0
2233	cal	4194320	4194336	0	1
2234	cal	4194320	4194336	0	2
2235	cal	4194320	4194336	0	3
2236	cal	4194320	4194336	0	4
2237	cal	4194320	4194336	0	5
2238	cal	4194320	4194336	0	6
2239	cal	4194320	4194336	0	7
2240	cal	4194320	4194336	0	8
2241	ret	4194336	0	2240	7
2242	jmp	4194320	0	0	7
2243	ret	4194336	0	2239	6
2244	jmp	4194320	0	0	6
2245	ret	4194336	0	2238	5
2246	jmp	4194320	0	0	5
2247	ret	4194336	0	2237	4
2248	jmp	4194320	0	0	4
2249	ret	4194336	0	2236	3
2250	jmp	4194320	0	0	3
2251	ret	4194336	0	2235	2
2252	jmp	4194320	0	0	2
2253	ret	4194336	0	2234	1
2254	jmp	4194320	0	0	1
2255	ret	4194336	0	2233	0
2256	jmp	4194320	0	0	0
2257	cal	4194320	4194336	0	1
2258	cal	4194320	4194336	0	2
2259	cal	4194320	4194336	0	3
2260	cal	4194320	4194336	0	4
2261	cal	4194320	4194336	0	5
2262	cal	4194320	4194336	0	6
2263	cal	4194320	4194336	0	7
2264	cal	4194320	4194336	0	8
2265	ret	4194336	0	2264	7
2266	jmp	4194320	0	0	7
2267	ret	4194336	0	2263	6
2268	jmp	4194320	0	0	6
2269	ret	4194336	0	2262	5
2270	jmp	4194320	0	0	5
2271	ret	4194336	0	2261	4
2272	jmp	4194320	0	0	4
2273	ret	4194336	0	2260	3
2274	jmp	4194320	0	0	3
2275	ret	4194336	0	2259	2
2276	jmp	4194320	0	0	2
2277	ret	4194336	0	2258	1
2278	jmp	4194320	0	0	1
2279	ret	4194336	0	2257	0
2280	jmp	4194320	0	0	0
2281	cal	4194320	4194336	0	1
2282	cal	4194320	4194336	0	2
2283	cal	4194320	4194336	0	3
2284	cal	4194320	4194336	0	4
2285	cal	4194320	4194336	0	5
2286	cal	4194320	4194336	0	6
2287	cal	4194320	4194336	0	7
2288	cal	4194320	4194336	0	8
2289	ret	4194336	0	2288	7
2290	jmp	4194320	0	0	7
2291	ret	4194336	0	2287	6
2292	jmp	4194320	0	0	6
2293	ret	4194336	0	2286	5
2294	jmp	4194320	0	0	5
2295	ret	4194336	0	2285	4
2296	jmp	4194320	0	0	4
2297	ret	4194336	0	2284	3
2298	jmp	4194320	0	0	3
2299	ret	4194336	0	2283	2
2300	jmp	4194320	0	0	2
2301	ret	4194336	0	2282	1
2302	jmp	4194320	0	0	1
2303	ret	4194336	0	2281	0
2304	jmp	4194320	0	0	0
2305	cal	4194320	4194336	0	1
2306	cal	4194320	4194336	0	2
2307	cal	4194320	4194336	0	3
2308	cal	4194320	4194336	0	4
2309	cal	4194320	4194336	0	5
2310	cal	4194320	4194336	0	6
2311	cal	4194320	4194336	0	7
2312	cal	4194320	4194336	0	8
2313	ret	4194336	0	2312	7
2314	jmp	4194320	0	0	7
2315	ret	4194336	0	2311	6
2316	jmp	4194320	0	0	6
2317	ret	4194336	0	2310	5
2318	jmp	4194320	0	0	5
2319	ret	4194336	0	2309	4
2320	jmp	4194320	0	0	4
2321	ret	4194336	0	2308	3
2322	jmp	4194320	0	0	3
2323	ret	4194336	0	2307	2
2324	jmp	4194320	0	0	2
2325	ret	4194336	0	2306	1
2326	jmp	4194320	0	0	1
2327	ret	4194336	0	2305	0
2328	jmp	4194320	0	0	0
2329	cal	4194320	4194336	0	1
2330	cal	4194320	4194336	0	2
2331	cal	4194320	4194336	0	3
2332	cal	4194320	4194336	0	4
2333	cal	4194320	4194336	0	5
2334	cal	4194320	4194336	0	6
2335	cal	4194320	4194336	0	7
2336	cal	4194320	4194336	0	8
2337	ret	4194336	0	2336	7
2338	jmp	4194320	0	0	7
2339	ret	4194336	0	2335	6
2340	jmp	4194320	0	0	6
2341	ret	4194336	0	2334	5
2342	jmp	4194320	0	0	5
2343	ret	4194336	0	2333	4
2344	jmp	4194320	0	0	4
2345	ret	4194336	0	2332	3
2346	jmp	4194320	0	0	3
2347	ret	4194336	0	2331	2
2348	jmp	4194320	0	0	2
2349	ret	4194336	0	2330	1
2350	jmp	4194320	0	0	1
2351	ret	4194336	0	2329	0
2352	jmp	4194320	0	0	0
2353	cal	4194320	4194336	0	1
2354	cal	4194320	4194336	0	2
2355	cal	4194320	4194336	0	3
2356	cal	4194320	4194336	0	4
2357	cal	4194320	4194336	0	5
2358	cal	4194320	4194336	0	6
2359	cal	4194320	4194336	0	7
2360	cal	4194320	4194336	0	8
2361	ret	4194336	0	2360	7
2362	jmp	4194320	0	0	7
2363	ret	4194336	0	2359	6
2364	jmp	4194320	0	0	6
2365	ret	4194336	0	2358	5
2366	jmp	4194320	0	0	5
2367	ret	4194336	0	2357	4
2368	jmp	4194320	0	0	4
2369	ret	4194336	0	2356	3
2370	jmp	4194320	0	0	3
2371	ret	4194336	0	2355	2
2372	jmp	4194320	0	0	2
2373	ret	4194336	0	2354	1
2374	jmp	4194320	0	0	1
2375	ret	4194336	0	2353	0
2376	jmp	4194320	0	0	0
2377	cal	4194320	4194336	0	1
2378	cal	4194320	4194336	0	2
2379	cal	4194320	4194336	0	3
2380	cal	4194320	4194336	0	4
2381	cal	4194320	4194336	0	5
2382	cal	4194320	4194336	0	6
2383	cal	4194320	4194336	0	7
2384	cal	4194320	4194336	0	8
2385	ret	4194336	0	2384	7
2386	jmp	4194320	0	0	7
2387	ret	4194336	0	2383	6
2388	jmp	4194320	0	0	6
2389	ret	4194336	0	2382	5
2390	jmp	4194320	0	0	5
2391	ret	4194336	0	2381	4
2392	jmp	4194320	0	0	4
2393	ret	4194336	0	2380	3
2394	jmp	4194320	0	0	3
2395	ret	4194336	0	2379	2
2396	jmp	4194320	0	0	2
2397	ret	4194336	0	2378	1
2398	jmp	4194320	0	0	1
2399	ret	4194336	0	2377	0
2400	jmp	4194320	0	0	0
2401	cal	4194320	4194336	0	1
2402	cal	4194320	4194336	0	2
2403	cal	4194320	4194336	0	3
2404	cal	4194320	4194336	0	4
2405	cal	4194320	4194336	0	5
2406	cal	4194320	4194336	0	6
2407	cal	4194320	4194336	0	7
2408	cal	4194320	4194336	0	8
2409	ret	4194336	0	2408	7
2410	jmp	4194320	0	0	7
2411	ret	4194336	0	2407	6
2412	jmp	4194320	0	0	6
2413	ret	4194336	0	2406	5
2414	jmp	4194320	0	0	5
2415	ret	4194336	0	2405	4
2416	jmp	4194320	0	0	4
2417	ret	4194336	0	2404	3
2418	jmp	4194320	0	0	3
2419	ret	4194336	0	2403	2
2420	jmp	4194320	0	0	2
2421	ret	4194336	0	2402	1
2422	jmp	4194320	0	0	1
2423	ret	4194336	0	2401	0
2424	jmp	4194320	0	0	0
2425	cal	4194320	4194336	0	1
2426	cal	4194320	4194336	0	2
2427	cal	4194320	4194336	0	3
2428	cal	4194320	4194336	0	4
2429	cal	4194320	4194336	0	5
2430	cal	4194320	4194336	0	6
2431	cal	4194320	4194336	0	7
2432	cal	4194320	4194336	0	8
2433	ret	4194336	0	2432	7
2434	jmp	4194320	0	0	7
2435	ret	4194336	0	2431	6
2436	jmp	4194320	0	0	6
2437	ret	4194336	0	2430	5
2438	jmp	4194320	0	0	5
2439	ret	4194336	0	2429	4
2440	jmp	4194320	0	0	4
2441	ret	4194336	0	2428	3
2442	jmp	4194320	0	0	3
2443	ret	4194336	0	2427	2
2444	jmp	4194320	0	0	2
2445	ret	4194336	0	2426	1
2446	jmp	4194320	0	0	1
2447	ret	4194336	0	2425	0
2448	jmp	4194320	0	0	0
2449	cal	4194320	4194336	0	1
2450	cal	4194320	4194336	0	2
2451	cal	4194320	4194336	0	3
2452	cal	4194320	4194336	0	4
2453	cal	4194320	4194336	0	5
2454	cal	4194320	4194336	0	6
2455	cal	4194320	4194336	0	7
2456	cal	4194320	4194336	0	8
2457	ret	4194336	0	2456	7
2458	jmp	4194320	0	0	7
2459	ret	4194336	0	2455	6
2460	jmp	4194320	0	0	6
2461	ret	4194336	0	2454	5
2462	jmp	4194320	0	0	5
2463	ret	4194336	0	2453	4
2464	jmp	4194320	0	0	4
2465	ret	4194336	0	2452	3
2466	jmp	4194320	0	0	3
2467	ret	4194336	0	2451	2
2468	jmp	4194320	0	0	2
2469	ret	4194336	0	2450	1
2470	jmp	4194320	0	0	1
2471	ret	4194336	0	2449	0
2472	jmp	4194320	0	0	0
2473	cal	4194320	4194336	0	1
2474	cal	4194320	4194336	0	2
2475	cal	4194320	4194336	0	3
2476	cal	4194320	4194336	0	4
2477	cal	4194320	4194336	0	5
2478	cal	4194320	4194336	0	6
2479	cal	4194320	4194336	0	7
2480	cal	4194320	4194336	0	8
2481	ret	4194336	0	2480	7
2482	jmp	4194320	0	0	7
2483	ret	4194336	0	2479	6
2484	jmp	4194320	0	0	6
2485	ret	4194336	0	2478	5
2486	jmp	4194320	0	0	5
2487	ret	4194336	0	2477	4
2488	jmp	4194320	0	0	4
2489	ret	4194336	0	2476	3
2490	jmp	4194320	0	0	3
2491	ret	4194336	0	2475	2
2492	jmp	4194320	0	0	2
2493	ret	4194336	0	2474	1
2494	jmp	4194320	0	0	1
2495	ret	4194336	0	2473	0
2496	jmp	4194320	0	0	0
2497	cal	4194320	4194336	0	1
2498	cal	4194320	4194336	0	2
2499	cal	4194320	4194336	0	3
2500	cal	4194320	4194336	0	4
2501	cal	4194320	4194336	0	5
2502	cal	4194320	4194336	0	6
2503	cal	4194320	4194336	0	7
2504	cal	4194320	4194336	0	8
2505	ret	4194336	0	2504	7
2506	jmp	4194320	0	0	7
2507	ret	4194336	0	2503	6
2508	jmp	4194320	0	0	6
2509	ret	4194336	0	2502	5
2510	jmp	4194320	0	0	5
2511	ret	4194336	0	2501	4
2512	jmp	4194320	0	0	4
2513	ret	4194336	0	2500	3
2514	jmp	4194320	0	0	3
2515	ret	4194336	0	2499	2
2516	jmp	4194320	0	0	2
2517	ret	4194336	0	2498	1
2518	jmp	4194320	0	0	1
2519	ret	4194336	0	2497	0
2520	jmp	4194320	0	0	0
2521	cal	4194320	4194336	0	1
2522	cal	4194320	4194336	0	2
2523	cal	4194320	4194336	0	3
2524	cal	4194320	4194336	0	4
2525	cal	4194320	4194336	0	5
2526	cal	4194320	4194336	0	6
2527	cal	4194320	4194336	0	7
2528	cal	4194320	4194336	0	8
2529	ret	4194336	0	2528	7
2530	jmp	4194320	0	0	7
2531	ret	4194336	0	2527	6
2532	jmp	4194320	0	0	6
2533	ret	4194336	0	2526	5
2534	jmp	4194320	0	0	5
2535	ret	4194336	0	2525	4
2536	jmp	4194320	0	0	4
2537	ret	4194336	0	2524	3
2538	jmp	4194320	0	0	3
2539	ret	4194336	0	2523	2
2540	jmp	4194320	0	0	2
2541	ret	4194336	0	2522	1
2542	jmp	4194320	0	0	1
2543	ret	4194336	0	2521	0
2544	jmp	4194320	0	0	0
2545	cal	4194320	4194336	0	1
2546	cal	4194320	4194336	0	2
2547	cal	4194320	4194336	0	3
2548	cal	4194320	4194336	0	4
2549	cal	4194320	4194336	0	5
2550	cal	4194320	4194336	0	6
2551	cal	4194320	4194336	0	7
2552	cal	4194320	4194336	0	8
2553	ret	4194336	0	2552	7
2554	jmp	4194320	0	0	7
2555	ret	4194336	0	2551	6
2556	jmp	4194320	0	0	6
2557	ret	4194336	0	2550	5
2558	jmp	4194320	0	0	5
2559	ret	4194336	0	2549	4
2560	jmp	4194320	0	0	4
2561	ret	4194336	0	2548	3
2562	jmp	4194320	0	0	3
2563	ret	4194336	0	2547	2
2564	jmp	4194320	0	0	2
2565	ret	4194336	0	2546	1
2566	jmp	4194320	0	0	1
2567	ret	4194336	0	2545	0
2568	jmp	4194320	0	0	0
2569	cal	4194320	4194336	0	1
2570	cal	4194320	4194336	0	2
2571	cal	4194320	4194336	0	3
2572	cal	4194320	4194336	0	4
2573	cal	4194320	4194336	0	5
2574	cal	4194320	4194336	0	6
2575	cal	4194320	4194336	0	7
2576	cal	4194320	4194336	0	8
2577	ret	4194336	0	2576	7
2578	jmp	4194320	0	0	7
2579	ret	4194336	0	2575	6
2580	jmp	4194320	0	0	6
2581	ret	4194336	0	2574	5
2582	jmp	4194320	0	0	5
2583	ret	4194336	0	2573	4
2584	jmp	4194320	0	0	4
2585	ret	4194336	0	2572	3
2586	jmp	4194320	0	0	3
2587	ret	4194336	0	2571	2
2588	jmp	4194320	0	0	2
2589	ret	4194336	0	2570	1
2590	jmp	4194320	0	0	1
2591	ret	4194336	0	2569	0
2592	jmp	4194320	0	0	0
2593	cal	4194320	4194336	0	1
2594	cal	4194320	4194336	0	2
2595	cal	4194320	4194336	0	3
2596	cal	4194320	4194336	0	4
2597	cal	4194320	4194336	0	5
2598	cal	4194320	4194336	0	6
2599	cal	4194320	4194336	0	7
2600	cal	4194320	4194336	0	8
2601	ret	4194336	0	2600	7
2602	jmp	4194320	0	0	7
2603	ret	4194336	0	2599	6
2604	jmp	4194320	0	0	6
2605	ret	4194336	0	2598	5
2606	jmp	4194320	0	0	5
2607	ret	4194336	0	2597	4
2608	jmp	4194320	0	0	4
2609	ret	4194336	0	2596	3
2610	jmp	4194320	0	0	3
2611	ret	4194336	0	2595	2
2612	jmp	4194320	0	0	2
2613	ret	4194336	0	2594	1
2614	jmp	4194320	0	0	1
2615	ret	4194336	0	2593	0
2616	jmp	4194320	0	0	0
2617	cal	4194320	4194336	0	1
2618	cal	4194320	4194336	0	2
2619	cal	4194320	4194336	0	3
2620	cal	4194320	4194336	0	4
2621	cal	4194320	4194336	0	5
2622	cal	4194320	4194336	0	6
2623	cal	4194320	4194336	0	7
2624	cal	4194320	4194336	0	8
2625	ret	4194336	0	2624	7
2626	jmp	4194320	0	0	7
2627	ret	4194336	0	2623	6
2628	jmp	4194320	0	0	6
2629	ret	4194336	0	2622	5
2630	jmp	4194320	0	0	5
2631	ret	4194336	0	2621	4
2632	jmp	4194320	0	0	4
2633	ret	4194336	0	2620	3
2634	jmp	4194320	0	0	3
2635	ret	4194336	0	2619	2
2636	jmp	4194320	0	0	2
2637	ret	4194336	0	2618	1
2638	jmp	4194320	0	0	1
2639	ret	4194336	0	2617	0
2640	jmp	4194320	0	0	0
2641	cal	4194320	4194336	0	1
2642	cal	4194320	4194336	0	2
2643	cal	4194320	4194336	0	3
2644	cal	4194320	4194336	0	4
2645	cal	4194320	4194336	0	5
2646	cal	4194320	4194336	0	6
2647	cal	4194320	4194336	0	7
2648	cal	4194320	4194336	0	8
2649	ret	4194336	0	2648	7
2650	jmp	4194320	0	0	7
2651	ret	4194336	0	2647	6
2652	jmp	4194320	0	0	6
2653	ret	4194336	0	2646	5
2654	jmp	4194320	0	0	5
2655	ret	4194336	0	2645	4
2656	jmp	4194320	0	0	4
2657	ret	4194336	0	2644	3
2658	jmp	4194320	0	0	3
2659	ret	4194336	0	2643	2
2660	jmp	4194320	0	0	2
2661	ret	4194336	0	2642	1
2662	jmp	4194320	0	0	1
2663	ret	4194336	0	2641	0
2664	jmp	4194320	0	0	0
2665	cal	4194320	4194336	0	1
2666	cal	4194320	4194336	0	2
2667	cal	4194320	4194336	0	3
2668	cal	4194320	4194336	0	4
2669	cal	4194320	4194336	0	5
2670	cal	4194320	4194336	0	6
2671	cal	4194320	4194336	0	7
2672	cal	4194320	4194336	0	8
2673	ret	4194336	0	2672	7
2674	jmp	4194320	0	0	7
2675	ret	4194336	0	2671	6
2676	jmp	4194320	0	0	6
2677	ret	4194336	0	2670	5
2678	jmp	4194320	0	0	5
2679	ret	4194336	0	2669	4
2680	jmp	4194320	0	0	4
2681	ret	4194336	0	2668	3
2682	jmp	4194320	0	0	3
2683	ret	4194336	0	2667	2
2684	jmp	4194320	0	0	2
2685	ret	4194336	0	2666	1
2686	jmp	4194320	0	0	1
2687	ret	4194336	0	2665	0
2688	jmp	4194320	0	0	0
2689	cal	4194320	4194336	0	1
2690	cal	4194320	4194336	0	2
2691	cal	4194320	4194336	0	3
2692	cal	4194320	4194336	0	4
2693	cal	4194320	4194336	0	5
2694	cal	4194320	4194336	0	6
2695	cal	4194320	4194336	0	7
2696	cal	4194320	4194336	0	8
2697	ret	4194336	0	2696	7
2698	jmp	4194320	0	0	7
2699	ret	4194336	0	2695	6
2700	jmp	4194320	0	0	6
2701	ret	4194336	0	2694	5
2702	jmp	4194320	0	0	5
2703	ret	4194336	0	2693	4
2704	jmp	4194320	0	0	4
2705	ret	4194336	0	2692	3
2706	jmp	4194320	0	0	3
2707	ret	4194336	0	2691	2
2708	jmp	4194320	0	0	2
2709	ret	4194336	0	2690	1
2710	jmp	4194320	0	0	1
2711	ret	4194336	0	2689	0
2712	jmp	4194320	0	0	0
2713	cal	4194320	4194336	0	1
2714	cal	4194320	4194336	0	2
2715	cal	4194320	4194336	0	3
2716	cal	4194320	4194336	0	4
2717	cal	4194320	4194336	0	5
2718	cal	4194320	4194336	0	6
2719	cal	4194320	4194336	0	7
2720	cal	4194320	4194336	0	8
2721	ret	4194336	0	2720	7
2722	jmp	4194320	0	0	7
2723	ret	4194336	0	2719	6
2724	jmp	4194320	0	0	6
2725	ret	4194336	0	2718	5
2726	jmp	4194320	0	0	5
2727	ret	4194336	0	2717	4
2728	jmp	4194320	0	0	4
2729	ret	4194336	0	2716	3
2730	jmp	4194320	0	0	3
2731	ret	4194336	0	2715	2
2732	jmp	4194320	0	0	2
2733	ret	4194336	0	2714	1
2734	jmp	4194320	0	0	1
2735	ret	4194336	0	2713	0
2736	jmp	4194320	0	0	0
2737	cal	4194320	4194336	0	1
2738	cal	4194320	4194336	0	2
2739	cal	4194320	4194336	0	3
2740	cal	4194320	4194336	0	4
2741	cal	4194320	4194336	0	5
2742	cal	4194320	4194336	0	6
2743	cal	4194320	4194336	0	7
2744	cal	4194320	4194336	0	8
2745	ret	4194336	0	2744	7
2746	jmp	4194320	0	0	7
2747	ret	4194336	0	2743	6
2748	jmp	4194320	0	0	6
2749	ret	4194336	0	2742	5
2750	jmp	4194320	0	0	5
2751	ret	4194336	0	2741	4
2752	jmp	4194320	0	0	4
2753	ret	4194336	0	2740	3
2754	jmp	4194320	0	0	3
2755	ret	4194336	0	2739	2
2756	jmp	4194320	0	0	2
2757	ret	4194336	0	2738	1
2758	jmp	4194320	0	0	1
2759	ret	4194336	0	2737	0
2760	jmp	4194320	0	0	0
2761	cal	4194320	4194336	0	1
2762	cal	4194320	4194336	0	2
2763	cal	4194320	4194336	0	3
2764	cal	4194320	4194336	0	4
2765	cal	4194320	4194336	0	5
2766	cal	4194320	4194336	0	6
2767	cal	4194320	4194336	0	7
2768	cal	4194320	4194336	0	8
2769	ret	4194336	0	2768	7
2770	jmp	4194320	0	0	7
2771	ret	4194336	0	2767	6
2772	jmp	4194320	0	0	6
2773	ret	4194336	0	2766	5
2774	jmp	4194320	0	0	5
2775	ret	4194336	0	2765	4
2776	jmp	4194320	0	0	4
2777	ret	4194336	0	2764	3
2778	jmp	4194320	0	0	3
2779	ret	4194336	0	2763	2
2780	jmp	4194320	0	0	2
2781	ret	4194336	0	2762	1
2782	jmp	4194320	0	0	1
2783	ret	4194336	0	2761	0
2784	jmp	4194320	0	0	0
2785	cal	4194320	4194336	0	1
2786	cal	4194320	4194336	0	2
2787	cal	4194320	4194336	0	3
2788	cal	4194320	4194336	0	4
2789	cal	4194320	4194336	0	5
2790	cal	4194320	4194336	0	6
2791	cal	4194320	4194336	0	7
2792	cal	4194320	4194336	0	8
2793	ret	4194336	0	2792	7
2794	jmp	4194320	0	0	7
2795	ret	4194336	0	2791	6
2796	jmp	4194320	0	0	6
2797	ret	4194336	0	2790	5
2798	jmp	4194320	0	0	5
2799	ret	4194336	0	2789	4
2800	jmp	4194320	0	0	4
2801	ret	4194336	0	2788	3
2802	jmp	4194320	0	0	3
2803	ret	4194336	0	2787	2
2804	jmp	4194320	0	0	2
2805	ret	4194336	0	2786	1
2806	jmp	4194320	0	0	1
2807	ret	4194336	0	2785	0
2808	jmp	4194320	0	0	0
2809	cal	4194320	4194336	0	1
2810	cal	4194320	4194336	0	2
2811	cal	4194320	4194336	0	3
2812	cal	4194320	4194336	0	4
2813	cal	4194320	4194336	0	5
2814	cal	4194320	4194336	0	6
2815	cal	4194320	4194336	0	7
2816	cal	4194320	4194336	0	8
2817	ret	4194336	0	2816	7
2818	jmp	4194320	0	0	7
2819	ret	4194336	0	2815	6
2820	jmp	4194320	0	0	6
2821	ret	4194336	0	2814	5
2822	jmp	4194320	0	0	5
2823	ret	4194336	0	2813	4
2824	jmp	4194320	0	0	4
2825	ret	4194336	0	2812	3
2826	jmp	4194320	0	0	3
2827	ret	4194336	0	2811	2
2828	jmp	4194320	0	0	2
2829	ret	4194336	0	2810	1
2830	jmp	4194320	0	0	1
2831	ret	4194336	0	2809	0
2832	jmp	4194320	0	0	0
2833	cal	4194320	4194336	0	1
2834	cal	4194320	4194336	0	2
2835	cal	4194320	4194336	0	3
2836	cal	4194320	4194336	0	4
2837	cal	4194320	4194336	0	5
2838	cal	4194320	4194336	0	6
2839	cal	4194320	4194336	0	7
2840	cal	4194320	4194336	0	8
2841	ret	4194336	0	2840	7
2842	jmp	4194320	0	0	7
2843	ret	4194336	0	2839	6
2844	jmp	4194320	0	0	6
2845	ret	4194336	0	2838	5
2846	jmp	4194320	0	0	5
2847	ret	4194336	0	2837	4
2848	jmp	4194320	0	0	4
2849	ret	4194336	0	2836	3
2850	jmp	4194320	0	0	3
2851	ret	4194336	0	2835	2
2852	jmp	4194320	0	0	2
2853	ret	4194336	0	2834	1
2854	jmp	4194320	0	0	1
2855	ret	4194336	0	2833	0
2856	jmp	4194320	0	0	0
2857	cal	4194320	4194336	0	1
2858	cal	4194320	4194336	0	2
2859	cal	4194320	4194336	0	3
2860	cal	4194320	4194336	0	4
2861	cal	4194320	4194336	0	5
2862	cal	4194320	4194336	0	6
2863	cal	4194320	4194336	0	7
2864	cal	4194320	4194336	0	8
2865	ret	4194336	0	2864	7
2866	jmp	4194320	0	0	7
2867	ret	4194336	0	2863	6
2868	jmp	4194320	0	0	6
2869	ret	4194336	0	2862	5
2870	jmp	4194320	0	0	5
2871	ret	4194336	0	2861	4
2872	jmp	4194320	0	0	4
2873	ret	4194336	0	2860	3
2874	jmp	4194320	0	0	3
2875	ret	4194336	0	2859	2
2876	jmp	4194320	0	0	2
2877	ret	4194336	0	2858	1
2878	jmp	4194320	0	0	1
2879	ret	4194336	0	2857	0
2880	jmp	4194320	0	0	0
2881	cal	4194320	4194336	0	1
2882	cal	4194320	4194336	0	2
2883	cal	4194320	4194336	0	3
2884	cal	4194320	4194336	0	4
2885	cal	4194320	4194336	0	5
2886	cal	4194320	4194336	0	6
2887	cal	4194320	4194336	0	7
2888	cal	4194320	4194336	0	8
2889	ret	4194336	0	2888	7
2890	jmp	4194320	0	0	7
2891	ret	4194336	0	2887	6
2892	jmp	4194320	0	0	6
2893	ret	4194336	0	2886	5
2894	jmp	4194320	0	0	5
2895	ret	4194336	0	2885	4
2896	jmp	4194320	0	0	4
2897	ret	4194336	0	2884	3
2898	jmp	4194320	0	0	3
2899	ret	4194336	0	2883	2
2900	jmp	4194320	0	0	2
2901	ret	4194336	0	2882	1
2902	jmp	4194320	0	0	1
2903	ret	4194336	0	2881	0
2904	jmp	4194320	0	0	0
2905	cal	4194320	4194336	0	1
2906	cal	4194320	4194336	0	2
2907	cal	4194320	4194336	0	3
2908	cal	4194320	4194336	0	4
2909	cal	4194320	4194336	0	5
2910	cal	4194320	4194336	0	6
2911	cal	4194320	4194336	0	7
2912	cal	4194320	4194336	0	8
2913	ret	4194336	0	2912	7
2914	jmp	4194320	0	0	7
2915	ret	4194336	0	2911	6
2916	jmp	4194320	0	0	6
2917	ret	4194336	0	2910	5
2918	jmp	4194320	0	0	5
2919	ret	4194336	0	2909	4
2920	jmp	4194320	0	0	4
2921	ret	4194336	0	2908	3
2922	jmp	4194320	0	0	3
2923	ret	4194336	0	2907	2
2924	jmp	4194320	0	0	2
2925	ret	4194336	0	2906	1
2926	jmp	4194320	0	0	1
2927	ret	4194336	0	2905	0
2928	jmp	4194320	0	0	0
2929	cal	4194320	4194336	0	1
2930	cal	4194320	4194336	0	2
2931	cal	4194320	4194336	0	3
2932	cal	4194320	4194336	0	4
2933	cal	4194320	4194336	0	5
2934	cal	4194320	4194336	0	6
2935	cal	4194320	4194336	0	7
2936	cal	4194320	4194336	0	8
2937	ret	4194336	0	2936	7
2938	jmp	4194320	0	0	7
2939	ret	4194336	0	2935	6
2940	jmp	4194320	0	0	6
2941	ret	4194336	0	2934	5
2942	jmp	4194320	0	0	5
2943	ret	4194336	0	2933	4
2944	jmp	4194320	0	0	4
2945	ret	4194336	0	2932	3
2946	jmp	4194320	0	0	3
2947	ret	4194336	0	2931	2
2948	jmp	4194320	0	0	2
2949	ret	4194336	0	2930	1
2950	jmp	4194320	0	0	1
2951	ret	4194336	0	2929	0
2952	jmp	4194320	0	0	0
2953	cal	4194320	4194336	0	1
2954	cal	4194320	4194336	0	2
2955	cal	4194320	4194336	0	3
2956	cal	4194320	4194336	0	4
2957	cal	4194320	4194336	0	5
2958	cal	4194320	4194336	0	6
2959	cal	4194320	4194336	0	7
2960	cal	4194320	4194336	0	8
2961	ret	4194336	0	2960	7
2962	jmp	4194320	0	0	7
2963	ret	4194336	0	2959	6
2964	jmp	4194320	0	0	6
2965	ret	4194336	0	2958	5
2966	jmp	4194320	0	0	5
2967	ret	4194336	0	2957	4
2968	jmp	4194320	0	0	4
2969	ret	4194336	0	2956	3
2970	jmp	4194320	0	0	3
2971	ret	4194336	0	2955	2
2972	jmp	4194320	0	0	2
2973	ret	4194336	0	2954	1
2974	jmp	4194320	0	0	1
2975	ret	4194336	0	2953	0
2976	jmp	4194320	0	0	0
2977	cal	4194320	4194336	0	1
2978	cal	4194320	4194336	0	2
2979	cal	4194320	4194336	0	3
2980	cal	4194320	4194336	0	4
2981	cal	4194320	4194336	0	5
2982	cal	4194320	4194336	0	6
2983	cal	4194320	4194336	0	7
2984	cal	4194320	4194336	0	8
2985	ret	4194336	0	2984	7
2986	jmp	4194320	0	0	7
2987	ret	4194336	0	2983	6
2988	jmp	4194320	0	0	6
2989	ret	4194336	0	2982	5
2990	jmp	4194320	0	0	5
2991	ret	4194336	0	2981	4
2992	jmp	4194320	0	0	4
2993	ret	4194336	0	2980	3
2994	jmp	4194320	0	0	3
2995	ret	4194336	0	2979	2
2996	jmp	4194320	0	0	2
2997	ret	4194336	0	2978	1
2998	jmp	4194320	0	0	1
2999	ret	4194336	0	2977	0
3000	jmp	4194320	0	0	0
3001	cal	4194320	4194336	0	1
3002	cal	4194320	4194336	0	2
3003	cal	4194320	4194336	0	3
3004	cal	4194320	4194336	0	4
3005	cal	4194320	4194336	0	5
3006	cal	4194320	4194336	0	6
3007	cal	4194320	4194336	0	7
3008	cal	4194320	4194336	0	8
3009	ret	4194336	0	3008	7
3010	jmp	4194320	0	0	7
3011	ret	4194336	0	3007	6
3012	jmp	4194320	0	0	6
3013	ret	4194336	0	3006	5
3014	jmp	4194320	0	0	5
3015	ret	4194336	0	3005	4
3016	jmp	4194320	0	0	4
3017	ret	4194336	0	3004	3
3018	jmp	4194320	0	0	3
3019	ret	4194336	0	3003	2
3020	jmp	4194320	0	0	2
3021	ret	4194336	0	3002	1
3022	jmp	4194320	0	0	1
3023	ret	4194336	0	3001	0
3024	jmp	4194320	0	0	0
3025	cal	4194320	4194336	0	1
3026	cal	4194320	4194336	0	2
3027	cal	4194320	4194336	0	3
3028	cal	4194320	4194336	0	4
3029	cal	4194320	4194336	0	5
3030	cal	4194320	4194336	0	6
3031	cal	4194320	4194336	0	7
3032	cal	4194320	4194336	0	8
3033	ret	4194336	0	3032	7
3034	jmp	4194320	0	0	7
3035	ret	4194336	0	3031	6
3036	jmp	4194320	0	0	6
3037	ret	4194336	0	3030	5
3038	jmp	4194320	0	0	5
3039	ret	4194336	0	3029	4
3040	jmp	4194320	0	0	4
3041	ret	4194336	0	3028	3
3042	jmp	4194320	0	0	3
3043	ret	4194336	0	3027	2
3044	jmp	4194320	0	0	2
3045	ret	4194336	0	3026	1
3046	jmp	4194320	0	0	1
3047	ret	4194336	0	3025	0
3048	jmp	4194320	0	0	0
3049	cal	4194320	4194336	0	1
3050	cal	4194320	4194336	0	2
3051	cal	4194320	4194336	0	3
3052	cal	4194320	4194336	0	4
3053	cal	4194320	4194336	0	5
3054	cal	4194320	4194336	0	6
3055	cal	4194320	4194336	0	7
3056	cal	4194320	4194336	0	8
3057	ret	4194336	0	3056	7
3058	jmp	4194320	0	0	7
3059	ret	4194336	0	3055	6
3060	jmp	4194320	0	0	6
3061	ret	4194336	0	3054	5
3062	jmp	4194320	0	0	5
3063	ret	4194336	0	3053	4
3064	jmp	4194320	0	0	4
3065	ret	4194336	0	3052	3
3066	jmp	4194320	0	0	3
3067	ret	4194336	0	3051	2
3068	jmp	4194320	0	0	2
3069	ret	4194336	0	3050	1
3070	jmp	4194320	0	0	1
3071	ret	4194336	0	3049	0
3072	jmp	4194320	0	0	0
3073	jmp	4194352	0	0	0
3074	jmp	4194320	0	0	0
3075	jmp	4194352	0	0	0
3076	jmp	4194320	0	0	0
3077	jmp	4194352	0	0	0
3078	jmp	4194320	0	0	0
3079	jmp	4194352	0	0	0
3080	jmp	4194320	0	0	0
3081	jmp	4194352	0	0	0
3082	jmp	4194320	0	0	0
3083	jmp	4194352	0	0	0
3084	jmp	4194320	0	0	0
3085	jmp	4194352	0	0	0
3086	jmp	4194320	0	0	0
3087	jmp	4194352	0	0	0
3088	jmp	4194320	0	0	0
3089	jmp	4194352	0	0	0
3090	jmp	4194320	0	0	0
3091	jmp	4194352	0	0	0
3092	jmp	4194320	0	0	0
3093	jmp	4194352	0	0	0
3094	jmp	4194320	0	0	0
3095	jmp	4194352	0	0	0
3096	jmp	4194320	0	0	0
3097	jmp	4194352	0	0	0
3098	jmp	4194320	0	0	0
3099	jmp	4194352	0	0	0
3100	jmp	4194320	0	0	0
3101	jmp	4194352	0	0	0
3102	jmp	4194320	0	0	0
3103	jmp	4194352	0	0	0
3104	jmp	4194320	0	0	0
3105	jmp	4194352	0	0	0
3106	jmp	4194320	0	0	0
3107	jmp	4194352	0	0	0
3108	jmp	4194320	0	0	0
3109	jmp	4194352	0	0	0
3110	jmp	4194320	0	0	0
3111	jmp	4194352	0	0	0
3112	jmp	4194320	0	0	0
3113	jmp	4194352	0	0	0
3114	jmp	4194320	0	0	0
3115	jmp	4194352	0	0	0
3116	jmp	4194320	0	0	0
3117	jmp	4194352	0	0	0
3118	jmp	4194320	0	0	0
3119	jmp	4194352	0	0	0
3120	jmp	4194320	0	0	0
3121	jmp	4194352	0	0	0
3122	jmp	4194320	0	0	0
3123	jmp	4194352	0	0	0
3124	jmp	4194320	0	0	0
3125	jmp	4194352	0	0	0
3126	jmp	4194320	0	0	0
3127	jmp	4194352	0	0	0
3128	jmp	4194320	0	0	0
3129	jmp	4194352	0	0	0
3130	jmp	4194320	0	0	0
3131	jmp	4194352	0	0	0
3132	jmp	4194320	0	0	0
3133	jmp	4194352	0	0	0
3134	jmp	4194320	0	0	0
3135	jmp	4194352	0	0	0
3136	jmp	4194320	0	0	0
3137	jmp	4194352	0	0	0
3138	jmp	4194320	0	0	0
3139	jmp	4194352	0	0	0
3140	jmp	4194320	0	0	0
3141	jmp	4194352	0	0	0
3142	jmp	4194320	0	0	0
3143	jmp	4194352	0	0	0
3144	jmp	4194320	0	0	0
3145	jmp	4194352	0	0	0
3146	jmp	4194320	0	0	0
3147	jmp	4194352	0	0	0
3148	jmp	4194320	0	0	0
3149	jmp	4194352	0	0	0
3150	jmp	4194320	0	0	0
3151	jmp	4194352	0	0	0
3152	jmp	4194320	0	0	0
3153	jmp	4194352	0	0	0
3154	jmp	4194320	0	0	0
3155	jmp	4194352	0	0	0
3156	jmp	4194320	0	0	0
3157	jmp	4194352	0	0	0
3158	jmp	4194320	0	0	0
3159	jmp	4194352	0	0	0
3160	jmp	4194320	0	0	0
3161	jmp	4194352	0	0	0
3162	jmp	4194320	0	0	0
3163	jmp	4194352	0	0	0
3164	jmp	4194320	0	0	0
3165	jmp	4194352	0	0	0
3166	jmp	4194320	0	0	0
3167	jmp	4194352	0	0	0
3168	jmp	4194320	0	0	0
3169	jmp	4194352	0	0	0
3170	jmp	4194320	0	0	0
3171	jmp	4194352	0	0	0
3172	jmp	4194320	0	0	0
3173	jmp	4194352	0	0	0
3174	jmp	4194320	0	0	0
3175	jmp	4194352	0	0	0
3176	jmp	4194320	0	0	0
3177	jmp	4194352	0	0	0
3178	jmp	4194320	0	0	0
3179	jmp	4194352	0	0	0
3180	jmp	4194320	0	0	0
3181	jmp	4194352	0	0	0
3182	jmp	4194320	0	0	0
3183	jmp	4194352	0	0	0
3184	jmp	4194320	0	0	0
3185	jmp	4194352	0	0	0
3186	jmp	4194320	0	0	0
3187	jmp	4194352	0	0	0
3188	jmp	4194320	0	0	0
3189	jmp	4194352	0	0	0
3190	jmp	4194320	0	0	0
3191	jmp	4194352	0	0	0
3192	jmp	4194320	0	0	0
3193	jmp	4194352	0	0	0
3194	jmp	4194320	0	0	0
3195	jmp	4194352	0	0	0
3196	jmp	4194320	0	0	0
3197	jmp	4194352	0	0	0
3198	jmp	4194320	0	0	0
3199	jmp	4194352	0	0	0
3200	jmp	4194320	0	0	0
3201	jmp	4194352	0	0	0
3202	jmp	4194320	0	0	0
3203	jmp	4194352	0	0	0
3204	jmp	4194320	0	0	0
3205	jmp	4194352	0	0	0
3206	jmp	4194320	0	0	0
3207	jmp	4194352	0	0	0
3208	jmp	4194320	0	0	0
3209	jmp	4194352	0	0	0
3210	jmp	4194320	0	0	0
3211	jmp	4194352	0	0	0
3212	jmp	4194320	0	0	0
3213	jmp	4194352	0	0	0
3214	jmp	4194320	0	0	0
3215	jmp	4194352	0	0	0
3216	jmp	4194320	0	0	0
3217	jmp	4194352	0	0	0
3218	jmp	4194320	0	0	0
3219	jmp	4194352	0	0	0
3220	jmp	4194320	0	0	0
3221	jmp	4194352	0	0	0
3222	jmp	4194320	0	0	0
3223	jmp	4194352	0	0	0
3224	jmp	4194320	0	0	0
3225	jmp	4194352	0	0	0
3226	jmp	4194320	0	0	0
3227	jmp	4194352	0	0	0
3228	jmp	4194320	0	0	0
3229	jmp	4194352	0	0	0
3230	jmp	4194320	0	0	0
3231	jmp	4194352	0	0	0
3232	jmp	4194320	0	0	0
3233	jmp	4194352	0	0	0
3234	jmp	4194320	0	0	0
3235	jmp	4194352	0	0	0
3236	jmp	4194320	0	0	0
3237	jmp	4194352	0	0	0
3238	jmp	4194320	0	0	0
3239	jmp	4194352	0	0	0
3240	jmp	4194320	0	0	0
3241	jmp	4194352	0	0	0
3242	jmp	4194320	0	0	0
3243	jmp	4194352	0	0	0
3244	jmp	4194320	0	0	0
3245	jmp	4194352	0	0	0
3246	jmp	4194320	0	0	0
3247	jmp	4194352	0	0	0
3248	jmp	4194320	0	0	0
3249	jmp	4194352	0	0	0
3250	jmp	4194320	0	0	0
3251	jmp	4194352	0	0	0
3252	jmp	4194320	0	0	0
3253	jmp	4194352	0	0	0
3254	jmp	4194320	0	0	0
3255	jmp	4194352	0	0	0
3256	jmp	4194320	0	0	0
3257	jmp	4194352	0	0	0
3258	jmp	4194320	0	0	0
3259	jmp	4194352	0	0	0
3260	jmp	4194320	0	0	0
3261	jmp	4194352	0	0	0
3262	jmp	4194320	0	0	0
3263	jmp	4194352	0	0	0
3264	jmp	4194320	0	0	0
3265	jmp	4194352	0	0	0
3266	jmp	4194320	0	0	0
3267	jmp	4194352	0	0	0
3268	jmp	4194320	0	0	0
3269	jmp	4194352	0	0	0
3270	jmp	4194320	0	0	0
3271	jmp	4194352	0	0	0
3272	jmp	4194320	0	0	0
3273	jmp	4194352	0	0	0
3274	jmp	4194320	0	0	0
3275	jmp	4194352	0	0	0
3276	jmp	4194320	0	0	0
3277	jmp	4194352	0	0	0
3278	jmp	4194320	0	0	0
3279	jmp	4194352	0	0	0
3280	jmp	4194320	0	0	0
3281	jmp	4194352	0	0	0
3282	jmp	4194320	0	0	0
3283	jmp	4194352	0	0	0
3284	jmp	4194320	0	0	0
3285	jmp	4194352	0	0	0
3286	jmp	4194320	0	0	0
3287	jmp	4194352	0	0	0
3288	jmp	4194320	0	0	0
3289	jmp	4194352	0	0	0
3290	jmp	4194320	0	0	0
3291	jmp	4194352	0	0	0
3292	jmp	4194320	0	0	0
3293	jmp	4194352	0	0	0
3294	jmp	4194320	0	0	0
3295	jmp	4194352	0	0	0
3296	jmp	4194320	0	0	0
3297	jmp	4194352	0	0	0
3298	jmp	4194320	0	0	0
3299	jmp	4194352	0	0	0
3300	jmp	4194320	0	0	0
3301	jmp	4194352	0	0	0
3302	jmp	4194320	0	0	0
3303	jmp	4194352	0	0	0
3304	jmp	4194320	0	0	0
3305	jmp	4194352	0	0	0
3306	jmp	4194320	0	0	0
3307	jmp	4194352	0	0	0
3308	jmp	4194320	0	0	0
3309	jmp	4194352	0	0	0
3310	jmp	4194320	0	0	0
3311	jmp	4194352	0	0	0
3312	jmp	4194320	0	0	0
3313	jmp	4194352	0	0	0
3314	jmp	4194320	0	0	0
3315	jmp	4194352	0	0	0
3316	jmp	4194320	0	0	0
3317	jmp	4194352	0	0	0
3318	jmp	4194320	0	0	0
3319	jmp	4194352	0	0	0
3320	jmp	4194320	0	0	0
3321	jmp	4194352	0	0	0
3322	jmp	4194320	0	0	0
3323	jmp	4194352	0	0	0
3324	jmp	4194320	0	0	0
3325	jmp	4194352	0	0	0
3326	jmp	4194320	0	0	0
3327	jmp	4194352	0	0	0
3328	jmp	4194320	0	0	0
3329	jmp	4194352	0	0	0
3330	jmp	4194320	0	0	0
3331	jmp	4194352	0	0	0
3332	jmp	4194320	0	0	0
3333	jmp	4194352	0	0	0
3334	jmp	4194320	0	0	0
3335	jmp	4194352	0	0	0
3336	jmp	4194320	0	0	0
3337	jmp	4194352	0	0	0
3338	jmp	4194320	0	0	0
3339	jmp	4194352	0	0	0
3340	jmp	4194320	0	0	0
3341	jmp	4194352	0	0	0
3342	jmp	4194320	0	0	0
3343	jmp	4194352	0	0	0
3344	jmp	4194320	0	0	0
3345	jmp	4194352	0	0	0
3346	jmp	4194320	0	0	0
3347	jmp	4194352	0	0	0
3348	jmp	4194320	0	0	0
3349	jmp	4194352	0	0	0
3350	jmp	4194320	0	0	0
3351	jmp	4194352	0	0	0
3352	jmp	4194320	0	0	0
3353	jmp	4194352	0	0	0
3354	jmp	4194320	0	0	0
3355	jmp	4194352	0	0	0
3356	jmp	4194320	0	0	0
3357	jmp	4194352	0	0	0
3358	jmp	4194320	0	0	0
3359	jmp	4194352	0	0	0
3360	jmp	4194320	0	0	0
3361	jmp	4194352	0	0	0
3362	jmp	4194320	0	0	0
3363	jmp	4194352	0	0	0
3364	jmp	4194320	0	0	0
3365	jmp	4194352	0	0	0
3366	jmp	4194320	0	0	0
3367	jmp	4194352	0	0	0
3368	jmp	4194320	0	0	0
3369	jmp	4194352	0	0	0
3370	jmp	4194320	0	0	0
3371	jmp	4194352	0	0	0
3372	jmp	4194320	0	0	0
3373	jmp	4194352	0	0	0
3374	jmp	4194320	0	0	0
3375	jmp	4194352	0	0	0
3376	jmp	4194320	0	0	0
3377	jmp	4194352	0	0	0
3378	jmp	4194320	0	0	0
3379	jmp	4194352	0	0	0
3380	jmp	4194320	0	0	0
3381	jmp	4194352	0	0	0
3382	jmp	4194320	0	0	0
3383	jmp	4194352	0	0	0
3384	jmp	4194320	0	0	0
3385	jmp	4194352	0	0	0
3386	jmp	4194320	0	0	0
3387	jmp	4194352	0	0	0
3388	jmp	4194320	0	0	0
3389	jmp	4194352	0	0	0
3390	jmp	4194320	0	0	0
3391	jmp	4194352	0	0	0
3392	jmp	4194320	0	0	0
3393	jmp	4194352	0	0	0
3394	jmp	4194320	0	0	0
3395	jmp	4194352	0	0	0
3396	jmp	4194320	0	0	0
3397	jmp	4194352	0	0	0
3398	jmp	4194320	0	0	0
3399	jmp	4194352	0	0	0
3400	jmp	4194320	0	0	0
3401	jmp	4194352	0	0	0
3402	jmp	4194320	0	0	0
3403	jmp	4194352	0	0	0
3404	jmp	4194320	0	0	0
3405	jmp	4194352	0	0	0
3406	jmp	4194320	0	0	0
3407	jmp	4194352	0	0	0
3408	jmp	4194320	0	0	0
3409	jmp	4194352	0	0	0
3410	jmp	4194320	0	0	0
3411	jmp	4194352	0	0	0
3412	jmp	4194320	0	0	0
3413	jmp	4194352	0	0	0
3414	jmp	4194320	0	0	0
3415	jmp	4194352	0	0	0
3416	jmp	4194320	0	0	0
3417	jmp	4194352	0	0	0
3418	jmp	4194320	0	0	0
3419	jmp	4194352	0	0	0
3420	jmp	4194320	0	0	0
3421	jmp	4194352	0	0	0
3422	jmp	4194320	0	0	0
3423	jmp	4194352	0	0	0
3424	jmp	4194320	0	0	0
3425	jmp	4194352	0	0	0
3426	jmp	4194320	0	0	0
3427	jmp	4194352	0	0	0
3428	jmp	4194320	0	0	0
3429	jmp	4194352	0	0	0
3430	jmp	4194320	0	0	0
3431	jmp	4194352	0	0	0
3432	jmp	4194320	0	0	0
3433	jmp	4194352	0	0	0
3434	jmp	4194320	0	0	0
3435	jmp	4194352	0	0	0
3436	jmp	4194320	0	0	0
3437	jmp	4194352	0	0	0
3438	jmp	4194320	0	0	0
3439	jmp	4194352	0	0	0
3440	jmp	4194320	0	0	0
3441	jmp	4194352	0	0	0
3442	jmp	4194320	0	0	0
3443	jmp	4194352	0	0	0
3444	jmp	4194320	0	0	0
3445	jmp	4194352	0	0	0
3446	jmp	4194320	0	0	0
3447	jmp	4194352	0	0	0
3448	jmp	4194320	0	0	0
3449	jmp	4194352	0	0	0
3450	jmp	4194320	0	0	0
3451	jmp	4194352	0	0	0
3452	jmp	4194320	0	0	0
3453	jmp	4194352	0	0	0
3454	jmp	4194320	0	0	0
3455	jmp	4194352	0	0	0
3456	jmp	4194320	0	0	0
3457	jmp	4194352	0	0	0
3458	jmp	4194320	0	0	0
3459	jmp	4194352	0	0	0
3460	jmp	4194320	0	0	0
3461	jmp	4194352	0	0	0
3462	jmp	4194320	0	0	0
3463	jmp	4194352	0	0	0
3464	jmp	4194320	0	0	0
3465	jmp	4194352	0	0	0
3466	jmp	4194320	0	0	0
3467	jmp	4194352	0	0	0
3468	jmp	4194320	0	0	0
3469	jmp	4194352	0	0	0
3470	jmp	4194320	0	0	0
3471	jmp	4194352	0	0	0
3472	jmp	4194320	0	0	0
3473	jmp	4194352	0	0	0
3474	jmp	4194320	0	0	0
3475	jmp	4194352	0	0	0
3476	jmp	4194320	0	0	0
3477	jmp	4194352	0	0	0
3478	jmp	4194320	0	0	0
3479	jmp	4194352	0	0	0
3480	jmp	4194320	0	0	0
3481	jmp	4194352	0	0	0
3482	jmp	4194320	0	0	0
3483	jmp	4194352	0	0	0
3484	jmp	4194320	0	0	0
3485	jmp	4194352	0	0	0
3486	jmp	4194320	0	0	0
3487	jmp	4194352	0	0	0
3488	jmp	4194320	0	0	0
3489	jmp	4194352	0	0	0
3490	jmp	4194320	0	0	0
3491	jmp	4194352	0	0	0
3492	jmp	4194320	0	0	0
3493	jmp	4194352	0	0	0
3494	jmp	4194320	0	0	0
3495	jmp	4194352	0	0	0
3496	jmp	4194320	0	0	0
3497	jmp	4194352	0	0	0
3498	jmp	4194320	0	0	0
3499	jmp	4194352	0	0	0
3500	jmp	4194320	0	0	0
3501	jmp	4194352	0	0	0
3502	jmp	4194320	0	0	0
3503	jmp	4194352	0	0	0
3504	jmp	4194320	0	0	0
3505	jmp	4194352	0	0	0
3506	jmp	4194320	0	0	0
3507	jmp	4194352	0	0	0
3508	jmp	4194320	0	0	0
3509	jmp	4194352	0	0	0
3510	jmp	4194320	0	0	0
3511	jmp	4194352	0	0	0
3512	jmp	4194320	0	0	0
3513	jmp	4194352	0	0	0
3514	jmp	4194320	0	0	0
3515	jmp	4194352	0	0	0
3516	jmp	4194320	0	0	0
3517	jmp	4194352	0	0	0
3518	jmp	4194320	0	0	0
3519	jmp	4194352	0	0	0
3520	jmp	4194320	0	0	0
3521	jmp	4194352	0	0	0
3522	jmp	4194320	0	0	0
3523	jmp	4194352	0	0	0
3524	jmp	4194320	0	0	0
3525	jmp	4194352	0	0	0
3526	jmp	4194320	0	0	0
3527	jmp	4194352	0	0	0
3528	jmp	4194320	0	0	0
3529	jmp	4194352	0	0	0
3530	jmp	4194320	0	0	0
3531	jmp	4194352	0	0	0
3532	jmp	4194320	0	0	0
3533	jmp	4194352	0	0	0
3534	jmp	4194320	0	0	0
3535	jmp	4194352	0	0	0
3536	jmp	4194320	0	0	0
3537	jmp	4194352	0	0	0
3538	jmp	4194320	0	0	0
3539	jmp	4194352	0	0	0
3540	jmp	4194320	0	0	0
3541	jmp	4194352	0	0	0
3542	jmp	4194320	0	0	0
3543	jmp	4194352	0	0	0
3544	jmp	4194320	0	0	0
3545	jmp	4194352	0	0	0
3546	jmp	4194320	0	0	0
3547	jmp	4194352	0	0	0
3548	jmp	4194320	0	0	0
3549	jmp	4194352	0	0	0
3550	jmp	4194320	0	0	0
3551	jmp	4194352	0	0	0
3552	jmp	4194320	0	0	0
3553	jmp	4194352	0	0	0
3554	jmp	4194320	0	0	0
3555	jmp	4194352	0	0	0
3556	jmp	4194320	0	0	0
3557	jmp	4194352	0	0	0
3558	jmp	4194320	0	0	0
3559	jmp	4194352	0	0	0
3560	jmp	4194320	0	0	0
3561	jmp	4194352	0	0	0
3562	jmp	4194320	0	0	0
3563	jmp	4194352	0	0	0
3564	jmp	4194320	0	0	0
3565	jmp	4194352	0	0	0
3566	jmp	4194320	0	0	0
3567	jmp	4194352	0	0	0
3568	jmp	4194320	0	0	0
3569	jmp	4194352	0	0	0
3570	jmp	4194320	0	0	0
3571	jmp	4194352	0	0	0
3572	jmp	4194320	0	0	0
3573	jmp	4194352	0	0	0
3574	jmp	4194320	0	0	0
3575	jmp	4194352	0	0	0
3576	jmp	4194320	0	0	0
3577	jmp	4194352	0	0	0
3578	jmp	4194320	0	0	0
3579	jmp	4194352	0	0	0
3580	jmp	4194320	0	0	0
3581	jmp	4194352	0	0	0
3582	jmp	4194320	0	0	0
3583	jmp	4194352	0	0	0
3584	jmp	4194320	0	0	0
3585	jmp	4194352	0	0	0
3586	jmp	4194320	0	0	0
3587	jmp	4194352	0	0	0
3588	jmp	4194320	0	0	0
3589	jmp	4194352	0	0	0
3590	jmp	4194320	0	0	0
3591	jmp	4194352	0	0	0
3592	jmp	4194320	0	0	0
3593	jmp	4194352	0	0	0
3594	jmp	4194320	0	0	0
3595	jmp	4194352	0	0	0
3596	jmp	4194320	0	0	0
3597	jmp	4194352	0	0	0
3598	jmp	4194320	0	0	0
3599	jmp	4194352	0	0	0
3600	jmp	4194320	0	0	0
3601	jmp	4194352	0	0	0
3602	jmp	4194320	0	0	0
3603	jmp	4194352	0	0	0
3604	jmp	4194320	0	0	0
3605	jmp	4194352	0	0	0
3606	jmp	4194320	0	0	0
3607	jmp	4194352	0	0	0
3608	jmp	4194320	0	0	0
3609	jmp	4194352	0	0	0
3610	jmp	4194320	0	0	0
3611	jmp	4194352	0	0	0
3612	jmp	4194320	0	0	0
3613	jmp	4194352	0	0	0
3614	jmp	4194320	0	0	0
3615	jmp	4194352	0	0	0
3616	jmp	4194320	0	0	0
3617	jmp	4194352	0	0	0
3618	jmp	4194320	0	0	0
3619	jmp	4194352	0	0	0
3620	jmp	4194320	0	0	0
3621	jmp	4194352	0	0	0
3622	jmp	4194320	0	0	0
3623	jmp	4194352	0	0	0
3624	jmp	4194320	0	0	0
3625	jmp	4194352	0	0	0
3626	jmp	4194320	0	0	0
3627	jmp	4194352	0	0	0
3628	jmp	4194320	0	0	0
3629	jmp	4194352	0	0	0
3630	jmp	4194320	0	0	0
3631	jmp	4194352	0	0	0
3632	jmp	4194320	0	0	0
3633	jmp	4194352	0	0	0
3634	jmp	4194320	0	0	0
3635	jmp	4194352	0	0	0
3636	jmp	4194320	0	0	0
3637	jmp	4194352	0	0	0
3638	jmp	4194320	0	0	0
3639	jmp	4194352	0	0	0
3640	jmp	4194320	0	0	0
3641	jmp	4194352	0	0	0
3642	jmp	4194320	0	0	0
3643	jmp	4194352	0	0	0
3644	jmp	4194320	0	0	0
3645	jmp	4194352	0	0	0
3646	jmp	4194320	0	0	0
3647	jmp	4194352	0	0	0
3648	jmp	4194320	0	0	0
3649	jmp	4194352	0	0	0
3650	jmp	4194320	0	0	0
3651	jmp	4194352	0	0	0
3652	jmp	4194320	0	0	0
3653	jmp	4194352	0	0	0
3654	jmp	4194320	0	0	0
3655	jmp	4194352	0	0	0
3656	jmp	4194320	0	0	0
3657	jmp	4194352	0	0	0
3658	jmp	4194320	0	0	0
3659	jmp	4194352	0	0	0
3660	jmp	4194320	0	0	0
3661	jmp	4194352	0	0	0
3662	jmp	4194320	0	0	0
3663	jmp	4194352	0	0	0
3664	jmp	4194320	0	0	0
3665	jmp	4194352	0	0	0
3666	jmp	4194320	0	0	0
3667	jmp	4194352	0	0	0
3668	jmp	4194320	0	0	0
3669	jmp	4194352	0	0	0
3670	jmp	4194320	0	0	0
3671	jmp	4194352	0	0	0
3672	jmp	4194320	0	0	0
3673	jmp	4194352	0	0	0
3674	jmp	4194320	0	0	0
3675	jmp	4194352	0	0	0
3676	jmp	4194320	0	0	0
3677	jmp	4194352	0	0	0
3678	jmp	4194320	0	0	0
3679	jmp	4194352	0	0	0
3680	jmp	4194320	0	0	0
3681	jmp	4194352	0	0	0
3682	jmp	4194320	0	0	0
3683	jmp	4194352	0	0	0
3684	jmp	4194320	0	0	0
3685	jmp	4194352	0	0	0
3686	jmp	4194320	0	0	0
3687	jmp	4194352	0	0	0
3688	jmp	4194320	0	0	0
3689	jmp	4194352	0	0	0
3690	jmp	4194320	0	0	0
3691	jmp	4194352	0	0	0
3692	jmp	4194320	0	0	0
3693	jmp	4194352	0	0	0
3694	jmp	4194320	0	0	0
3695	jmp	4194352	0	0	0
3696	jmp	4194320	0	0	0
3697	jmp	4194352	0	0	0
3698	jmp	4194320	0	0	0
3699	jmp	4194352	0	0	0
3700	jmp	4194320	0	0	0
3701	jmp	4194352	0	0	0
3702	jmp	4194320	0	0	0
3703	jmp	4194352	0	0	0
3704	jmp	4194320	0	0	0
3705	jmp	4194352	0	0	0
3706	jmp	4194320	0	0	0
3707	jmp	4194352	0	0	0
3708	jmp	4194320	0	0	0
3709	jmp	4194352	0	0	0
3710	jmp	4194320	0	0	0
3711	jmp	4194352	0	0	0
3712	jmp	4194320	0	0	0
3713	jmp	4194352	0	0	0
3714	jmp	4194320	0	0	0
3715	jmp	4194352	0	0	0
3716	jmp	4194320	0	0	0
3717	jmp	4194352	0	0	0
3718	jmp	4194320	0	0	0
3719	jmp	4194352	0	0	0
3720	jmp	4194320	0	0	0
3721	jmp	4194352	0	0	0
3722	jmp	4194320	0	0	0
3723	jmp	4194352	0	0	0
3724	jmp	4194320	0	0	0
3725	jmp	4194352	0	0	0
3726	jmp	4194320	0	0	0
3727	jmp	4194352	0	0	0
3728	jmp	4194320	0	0	0
3729	jmp	4194352	0	0	0
3730	jmp	4194320	0	0	0
3731	jmp	4194352	0	0	0
3732	jmp	4194320	0	0	0
3733	jmp	4194352	0	0	0
3734	jmp	4194320	0	0	0
3735	jmp	4194352	0	0	0
3736	jmp	4194320	0	0	0
3737	jmp	4194352	0	0	0
3738	jmp	4194320	0	0	0
3739	jmp	4194352	0	0	0
3740	jmp	4194320	0	0	0
3741	jmp	4194352	0	0	0
3742	jmp	4194320	0	0	0
3743	jmp	4194352	0	0	0
3744	jmp	4194320	0	0	0
3745	jmp	4194352	0	0	0
3746	jmp	4194320	0	0	0
3747	jmp	4194352	0	0	0
3748	jmp	4194320	0	0	0
3749	jmp	4194352	0	0	0
3750	jmp	4194320	0	0	0
3751	jmp	4194352	0	0	0
3752	jmp	4194320	0	0	0
3753	jmp	4194352	0	0	0
3754	jmp	4194320	0	0	0
3755	jmp	4194352	0	0	0
3756	jmp	4194320	0	0	0
3757	jmp	4194352	0	0	0
3758	jmp	4194320	0	0	0
3759	jmp	4194352	0	0	0
3760	jmp	4194320	0	0	0
3761	jmp	4194352	0	0	0
3762	jmp	4194320	0	0	0
3763	jmp	4194352	0	0	0
3764	jmp	4194320	0	0	0
3765	jmp	4194352	0	0	0
3766	jmp	4194320	0	0	0
3767	jmp	4194352	0	0	0
3768	jmp	4194320	0	0	0
3769	jmp	4194352	0	0	0
3770	jmp	4194320	0	0	0
3771	jmp	4194352	0	0	0
3772	jmp	4194320	0	0	0
3773	jmp	4194352	0	0	0
3774	jmp	4194320	0	0	0
3775	jmp	4194352	0	0	0
3776	jmp	4194320	0	0	0
3777	jmp	4194352	0	0	0
3778	jmp	4194320	0	0	0
3779	jmp	4194352	0	0	0
3780	jmp	4194320	0	0	0
3781	jmp	4194352	0	0	0
3782	jmp	4194320	0	0	0
3783	jmp	4194352	0	0	0
3784	jmp	4194320	0	0	0
3785	jmp	4194352	0	0	0
3786	jmp	4194320	0	0	0
3787	jmp	4194352	0	0	0
3788	jmp	4194320	0	0	0
3789	jmp	4194352	0	0	0
3790	jmp	4194320	0	0	0
3791	jmp	4194352	0	0	0
3792	jmp	4194320	0	0	0
3793	jmp	4194352	0	0	0
3794	jmp	4194320	0	0	0
3795	jmp	4194352	0	0	0
3796	jmp	4194320	0	0	0
3797	jmp	4194352	0	0	0
3798	jmp	4194320	0	0	0
3799	jmp	4194352	0	0	0
3800	jmp	4194320	0	0	0
3801	jmp	4194352	0	0	0
3802	jmp	4194320	0	0	0
3803	jmp	4194352	0	0	0
3804	jmp	4194320	0	0	0
3805	jmp	4194352	0	0	0
3806	jmp	4194320	0	0	0
3807	jmp	4194352	0	0	0
3808	jmp	4194320	0	0	0
3809	jmp	4194352	0	0	0
3810	jmp	4194320	0	0	0
3811	jmp	4194352	0	0	0
3812	jmp	4194320	0	0	0
3813	jmp	4194352	0	0	0
3814	jmp	4194320	0	0	0
3815	jmp	4194352	0	0	0
3816	jmp	4194320	0	0	0
3817	jmp	4194352	0	0	0
3818	jmp	4194320	0	0	0
3819	jmp	4194352	0	0	0
3820	jmp	4194320	0	0	0
3821	jmp	4194352	0	0	0
3822	jmp	4194320	0	0	0
3823	jmp	4194352	0	0	0
3824	jmp	4194320	0	0	0
3825	jmp	4194352	0	0	0
3826	jmp	4194320	0	0	0
3827	jmp	4194352	0	0	0
3828	jmp	4194320	0	0	0
3829	jmp	4194352	0	0	0
3830	jmp	4194320	0	0	0
3831	jmp	4194352	0	0	0
3832	jmp	4194320	0	0	0
3833	jmp	4194352	0	0	0
3834	jmp	4194320	0	0	0
3835	jmp	4194352	0	0	0
3836	jmp	4194320	0	0	0
3837	jmp	4194352	0	0	0
3838	jmp	4194320	0	0	0
3839	jmp	4194352	0	0	0
3840	jmp	4194320	0	0	0
3841	jmp	4194352	0	0	0
3842	jmp	4194320	0	0	0
3843	jmp	4194352	0	0	0
3844	jmp	4194320	0	0	0
3845	jmp	4194352	0	0	0
3846	jmp	4194320	0	0	0
3847	jmp	4194352	0	0	0
3848	jmp	4194320	0	0	0
3849	jmp	4194352	0	0	0
3850	jmp	4194320	0	0	0
3851	jmp	4194352	0	0	0
3852	jmp	4194320	0	0	0
3853	jmp	4194352	0	0	0
3854	jmp	4194320	0	0	0
3855	jmp	4194352	0	0	0
3856	jmp	4194320	0	0	0
3857	jmp	4194352	0	0	0
3858	jmp	4194320	0	0	0
3859	jmp	4194352	0	0	0
3860	jmp	4194320	0	0	0
3861	jmp	4194352	0	0	0
3862	jmp	4194320	0	0	0
3863	jmp	4194352	0	0	0
3864	jmp	4194320	0	0	0
3865	jmp	4194352	0	0	0
3866	jmp	4194320	0	0	0
3867	jmp	4194352	0	0	0
3868	jmp	4194320	0	0	0
3869	jmp	4194352	0	0	0
3870	jmp	4194320	0	0	0
3871	jmp	4194352	0	0	0
3872	jmp	4194320	0	0	0
3873	jmp	4194352	0	0	0
3874	jmp	4194320	0	0	0
3875	jmp	4194352	0	0	0
3876	jmp	4194320	0	0	0
3877	jmp	4194352	0	0	0
3878	jmp	4194320	0	0	0
3879	jmp	4194352	0	0	0
3880	jmp	4194320	0	0	0
3881	jmp	4194352	0	0	0
3882	jmp	4194320	0	0	0
3883	jmp	4194352	0	0	0
3884	jmp	4194320	0	0	0
3885	jmp	4194352	0	0	0
3886	jmp	4194320	0	0	0
3887	jmp	4194352	0	0	0
3888	jmp	4194320	0	0	0
3889	jmp	4194352	0	0	0
3890	jmp	4194320	0	0	0
3891	jmp	4194352	0	0	0
3892	jmp	4194320	0	0	0
3893	jmp	4194352	0	0	0
3894	jmp	4194320	0	0	0
3895	jmp	4194352	0	0	0
3896	jmp	4194320	0	0	0
3897	jmp	4194352	0	0	0
3898	jmp	4194320	0	0	0
3899	jmp	4194352	0	0	0
3900	jmp	4194320	0	0	0
3901	jmp	4194352	0	0	0
3902	jmp	4194320	0	0	0
3903	jmp	4194352	0	0	0
3904	jmp	4194320	0	0	0
3905	jmp	4194352	0	0	0
3906	jmp	4194320	0	0	0
3907	jmp	4194352	0	0	0
3908	jmp	4194320	0	0	0
3909	jmp	4194352	0	0	0
3910	jmp	4194320	0	0	0
3911	jmp	4194352	0	0	0
3912	jmp	4194320	0	0	0
3913	jmp	4194352	0	0	0
3914	jmp	4194320	0	0	0
3915	jmp	4194352	0	0	0
3916	jmp	4194320	0	0	0
3917	jmp	4194352	0	0	0
3918	jmp	4194320	0	0	0
3919	jmp	4194352	0	0	0
3920	jmp	4194320	0	0	0
3921	jmp	4194352	0	0	0
3922	jmp	4194320	0	0	0
3923	jmp	4194352	0	0	0
3924	jmp	4194320	0	0	0
3925	jmp	4194352	0	0	0
3926	jmp	4194320	0	0	0
3927	jmp	4194352	0	0	0
3928	jmp	4194320	0	0	0
3929	jmp	4194352	0	0	0
3930	jmp	4194320	0	0	0
3931	jmp	4194352	0	0	0
3932	jmp	4194320	0	0	0
3933	jmp	4194352	0	0	0
3934	jmp	4194320	0	0	0
3935	jmp	4194352	0	0	0
3936	jmp	4194320	0	0	0
3937	jmp	4194352	0	0	0
3938	jmp	4194320	0	0	0
3939	jmp	4194352	0	0	0
3940	jmp	4194320	0	0	0
3941	jmp	4194352	0	0	0
3942	jmp	4194320	0	0	0
3943	jmp	4194352	0	0	0
3944	jmp	4194320	0	0	0
3945	jmp	4194352	0	0	0
3946	jmp	4194320	0	0	0
3947	jmp	4194352	0	0	0
3948	jmp	4194320	0	0	0
3949	jmp	4194352	0	0	0
3950	jmp	4194320	0	0	0
3951	jmp	4194352	0	0	0
3952	jmp	4194320	0	0	0
3953	jmp	4194352	0	0	0
3954	jmp	4194320	0	0	0
3955	jmp	4194352	0	0	0
3956	jmp	4194320	0	0	0
3957	jmp	4194352	0	0	0
3958	jmp	4194320	0	0	0
3959	jmp	4194352	0	0	0
3960	jmp	4194320	0	0	0
3961	jmp	4194352	0	0	0
3962	jmp	4194320	0	0	0
3963	jmp	4194352	0	0	0
3964	jmp	4194320	0	0	0
3965	jmp	4194352	0	0	0
3966	jmp	4194320	0	0	0
3967	jmp	4194352	0	0	0
3968	jmp	4194320	0	0	0
3969	jmp	4194352	0	0	0
3970	jmp	4194320	0	0	0
3971	jmp	4194352	0	0	0
3972	jmp	4194320	0	0	0
3973	jmp	4194352	0	0	0
3974	jmp	4194320	0	0	0
3975	jmp	4194352	0	0	0
3976	jmp	4194320	0	0	0
3977	jmp	4194352	0	0	0
3978	jmp	4194320	0	0	0
3979	jmp	4194352	0	0	0
3980	jmp	4194320	0	0	0
3981	jmp	4194352	0	0	0
3982	jmp	4194320	0	0	0
3983	jmp	4194352	0	0	0
3984	jmp	4194320	0	0	0
3985	jmp	4194352	0	0	0
3986	jmp	4194320	0	0	0
3987	jmp	4194352	0	0	0
3988	jmp	4194320	0	0	0
3989	jmp	4194352	0	0	0
3990	jmp	4194320	0	0	0
3991	jmp	4194352	0	0	0
3992	jmp	4194320	0	0	0
3993	jmp	4194352	0	0	0
3994	jmp	4194320	0	0	0
3995	jmp	4194352	0	0	0
3996	jmp	4194320	0	0	0
3997	jmp	4194352	0	0	0
3998	jmp	4194320	0	0	0
3999	jmp	4194352	0	0	0
4000	jmp	4194320	0	0	0
4001	jmp	4194352	0	0	0
4002	jmp	4194320	0	0	0
4003	jmp	4194352	0	0	0
4004	jmp	4194320	0	0	0
4005	jmp	4194352	0	0	0
4006	jmp	4194320	0	0	0
4007	jmp	4194352	0	0	0
4008	jmp	4194320	0	0	0
4009	jmp	4194352	0	0	0
4010	jmp	4194320	0	0	0
4011	jmp	4194352	0	0	0
4012	jmp	4194320	0	0	0
4013	jmp	4194352	0	0	0
4014	jmp	4194320	0	0	0
4015	jmp	4194352	0	0	0
4016	jmp	4194320	0	0	0
4017	jmp	4194352	0	0	0
4018	jmp	4194320	0	0	0
4019	jmp	4194352	0	0	0
4020	jmp	4194320	0	0	0
4021	jmp	4194352	0	0	0
4022	jmp	4194320	0	0	0
4023	jmp	4194352	0	0	0
4024	jmp	4194320	0	0	0
4025	jmp	4194352	0	0	0
4026	jmp	4194320	0	0	0
4027	jmp	4194352	0	0	0
4028	jmp	4194320	0	0	0
4029	jmp	4194352	0	0	0
4030	jmp	4194320	0	0	0
4031	jmp	4194352	0	0	0
4032	jmp	4194320	0	0	0
4033	jmp	4194352	0	0	0
4034	jmp	4194320	0	0	0
4035	jmp	4194352	0	0	0
4036	jmp	4194320	0	0	0
4037	jmp	4194352	0	0	0
4038	jmp	4194320	0	0	0
4039	jmp	4194352	0	0	0
4040	jmp	4194320	0	0	0
4041	jmp	4194352	0	0	0
4042	jmp	4194320	0	0	0
4043	jmp	4194352	0	0	0
4044	jmp	4194320	0	0	0
4045	jmp	4194352	0	0	0
4046	jmp	4194320	0	0	0
4047	jmp	4194352	0	0	0
4048	jmp	4194320	0	0	0
4049	jmp	4194352	0	0	0
4050	jmp	4194320	0	0	0
4051	jmp	4194352	0	0	0
4052	jmp	4194320	0	0	0
4053	jmp	4194352	0	0	0
4054	jmp	4194320	0	0	0
4055	jmp	4194352	0	0	0
4056	jmp	4194320	0	0	0
4057	jmp	4194352	0	0	0
4058	jmp	4194320	0	0	0
4059	jmp	4194352	0	0	0
4060	jmp	4194320	0	0	0
4061	jmp	4194352	0	0	0
4062	jmp	4194320	0	0	0
4063	jmp	4194352	0	0	0
4064	jmp	4194320	0	0	0
4065	jmp	4194352	0	0	0
4066	jmp	4194320	0	0	0
4067	jmp	4194352	0	0	0
4068	jmp	4194320	0	0	0
4069	jmp	4194352	0	0	0
4070	jmp	4194320	0	0	0
4071	jmp	4194352	0	0	0
4072	jmp	4194320	0	0	0
4073	jmp	4194352	0	0	0
4074	jmp	4194320	0	0	0
4075	jmp	4194352	0	0	0
4076	jmp	4194320	0	0	0
4077	jmp	4194352	0	0	0
4078	jmp	4194320	0	0	0
4079	jmp	4194352	0	0	0
4080	jmp	4194320	0	0	0
4081	jmp	4194352	0	0	0
4082	jmp	4194320	0	0	0
4083	jmp	4194352	0	0	0
4084	jmp	4194320	0	0	0
4085	jmp	4194352	0	0	0
4086	jmp	4194320	0	0	0
4087	jmp	4194352	0	0	0
4088	jmp	4194320	0	0	0
4089	jmp	4194352	0	0	0
4090	jmp	4194320	0	0	0
4091	jmp	4194352	0	0	0
4092	jmp	4194320	0	0	0
4093	jmp	4194352	0	0	0
4094	jmp	4194320	0	0	0
4095	jmp	4194352	0	0	0
